921,210,กันแดด,เคยใช้มาแล้ว แต่ต้องใช้อย่างสม่ำเสมอถึงเห็นผลในการปกป้องแสงแดด กลิ่นไม่แรง ไม่เป็นคราบ ไม่เหนียว ซื้อโปร1แถม1 ถูกกว่าที่อื่น,-1,4
922,210,ปลื้มตั้งแต่ครั้งแรกที่ใช้,ใช้ดีมากๆคะชอบ สั่งรอบ2แล้วคะ,-1,5
923,210,ส่งไว แพ็คของดี ชอบมากกกกก,ง่ายๆคือชอบมาก ใช้ดี,-1,5
924,210,ดีค่ะ,ตัวนี้เกลี่ยง่าย ซึมเร็วดีค่ะ,-1,5
925,210,ชอบนะ,กันแดด ที่ใช้ประจำ,25,5
926,210,คุ้ม,คุ้มมากเลย,28,5
927,210,กันแดด,เป็นกันแดดที่ใช้มาหลายหลอด ก็พกติดตัวตลอด ส่วนตัวไม่ค่อยเรื่องความชุ่มชื้น แต่เรื่องกันแดดนี้ยกให้เลย อันดับ 1 ซื้อตอน sale ตลอดจ้า,-1,3
928,210,คุ้มค่า คุ้มราคา,กันแดด เบา สบาย ดีกับหน้าและใจ,24,5
929,210,ดี,สุดยอดของครีมกันแดดจ้า  ดีที่สุดรักแบรนด์นี้,-1,5
930,210,รีวิวสินค้,แห้งเร็วไม่เหนอะหนะ,-1,5
931,210,กันแดด,ไม่เหนี่ยวเนอะน่ะ กันแดดดีเยี่ยม,-1,5
932,210,กันแดดได้ดี,ไม่เหนียวเนอะหนะ,30,4
933,210,ดีค่ะ,กันแดดได้ดี ขึ้นชื่ออยู่แล้ว,-1,5
934,210,Lotion,ถูกดี,25,5
935,210,ตุน,ลดเมื่อไหร่ ซื้อตุนเมื่อนั้นค่ะ,29,5
936,210,กันแดดในระดับโอเค,ใช้ทาก่อนเล่นน้ำทะเล รู้สึกผิวดรอปกว่าเดิมนิดนึง โดยรวม ถือว่าดีค่ะ,-1,4
937,210,ใช้ดี,ใช้ดี ไม่เหนียว และซึมเร็ว ค่ะ,33,5
938,210,ดีมาก,เยี่ยม,-1,5
939,210,กันแดดดี,ใช้ดีมากใช้มาหลายหลอดแล้ว,34,5
940,210,ร,กันแดดได้ดีค่ะ,29,5
941,210,กันแดด,ทาแล้ว ผิวแห้ง ไปหน่อย,33,5
942,210,ไม่เหนียว,ใช้ดีไม่มัน ป้องกันแดดโอเค,-1,5
943,210,ใช้ดีค่ะ,ใช้มาหลายหลอดแล้ว ตุนไว้ทุกคนเวลาเห็นลดราคา,34,5
944,210,ใช้ดีแต่เยิ้มค่ะ,ลดบ่อย ดีนะ,36,5
945,210,ใช้ดี,แต่แอบเยิ้มไปหน่อยค่ะ,36,5
946,210,โลชั่นกันแดด,ใช้ดีมากค่ะ,-1,5
947,210,กระหน่ำ,กระหน่ำลดราคา เราก็พากันกระหน่ำใช้ให้หนำใจของดีของถูก,-1,5
948,210,กันแดด,กันแดดดี กลิ่นหอม ไม่เหนียว,-1,5
949,210,ครีมกันแดด,ตัวนี้เป็นครีมกันแดดตัวโปรดอยู่แล้วค่ะ เรื่องกันแดดได้ดีนี่ไม่ต้องพูดถึง แต่ไม่ค่อยชอบกลิ่นต้องทาครีมหอมๆกลบค่ะ ^^,-1,5
950,210,ต้องลอง,คือไม่เคยใช้รุ่นนี้ เคยใช้แต่แบบสปอร์ตที่มันเย็นๆ แต่ตัวนี้ก็น่าจะดี เดี่ยวขอลองก่อนนะคะ,26,5
951,210,Banana Boat Ultra Protect Sunsereen Lotion SPF 50Pa++,เเพ็คสินค้าดีมากค่ะ  จัดส่งเร็ว,32,5
952,210,,ดีอยู่แล้ววแบรนด์นี้,-1,5
953,210,ซื้อซ้ำ,ซื้อซ้ำเพราะชอบค่ะเนื้อครีมไม่เหนอะ,-1,5
954,210,good,good,-1,5
955,210,ของดีมาก,ของดีมาก,-1,5
956,210,,ราคาถูก ต้องรีบซื้อตุน,34,5
957,210,กันแดด,อ่อนโยนดีค่ะ ไม่ระคายเคือง,-1,5
958,210,nana boatครีมกันแดด,ปกป้องผิวได้ดีเยี่ยมค่ะเวลาโดนแดดไม่แสบเอาอยู่ค่ะกันเกงื่อกันน้ำได้ดีค่ะชอบๆค่ะ,-1,4
959,210,,ซึทไวมาก ทาแล้วไม่เป็นคราบเลย,25,5
960,210,banana,ซื้อตลอด หมดไปเป็นสิบหลอดแล้ว ผิวไม่คล้ำขึ้นคะ ถ้าเที่ยวทะเลเล่นน้ำตกต้องทาซ้ำบ่อยๆ เหมาะสำหรับใช้ทุกวันคะ,25,5
961,211,ใช้ดี,ไม่เหนียวเหนอะหนะ,29,5
962,211,ใช้ดี,ไม่เหนียวเหนอะหนะค่ะ,29,5
963,211,ราคาดีมาก,คือ 7-11 ที่นี่ขายก็ขวด  729 บาทแล้ว ซื้อ kony แถม 1 ก็รีบจัดเรย  ดีค่ะ สะดวกใช้งานง่าย ไม่ได้มีความเย็นเท่าไหร่ แต่ไม่เหนอะ กัลน้ำดี  กัลแดดดี,30,5
964,211,พอใช้ค่ะ,หมดเร็ว,24,5
965,211,พอใช้ค่ะ,หมดเร็วไป,24,5
966,211,คุ้มมากกกกกกกก,ได้ของเร็วดีค่ะ,17,5
967,211,ใช้ยาก,เป็นสเปรย์ พอพ่นแล้วเลอะพื้น มัน,-1,3
968,211,,สเปรย์กันแดดสะดวกดีค่ะ,25,5
969,211,ซึมเร็วไม่เหนียวเหนอะหนะ,ใช้ง่าย เย็นสบาย ซึมเร็ว ไม่เหนียวเหนอะหนะดี ซื้อตอนมีโปรคุ้มมากค่ะ,33,5
970,211,,แพคคู่ต้องรีบจัดค่ะ สเปรย์เนื้อเบาๆเย็นๆ ใช้ง่ายไม่เหนอะมาก,28,5
971,211,,ใช้ดีคะ ไม่เนอะหนะ,-1,5
972,211,,คุ้มมากกันแดดได้ดีไม่ค่อยเหนียวเหนอะหนะ,25,5
973,211,,คุ้มมาก. กันแดดดีเยี่ยม,25,5
974,211,,แบบสเปรย์สะดวกมากๆ กันแดดได้ดี,27,5
975,211,,คุ้มมากคะ,-1,5
976,211,,ใช้สะดวกค่ะ,43,5
977,211,,ของจััดส่งเร็วและแพ็คแน่นหนาเหมือนเดิมเลยค่ะ,26,5
978,211,,ฉีดแล้วรู้สึกเหนอะ,-1,2
979,211,,ชอบมากค่าา แพ็คของดีมากกก,-1,5
980,211,,ใช้ดีค่ะ,28,5
981,211,,คุ้ม,28,5
982,211,,ใช้ดีมากๆๆ,29,5
983,211,,พ่นแล้วเย็นๆดีค่ะ คุณภาพการกันแดดยังไม่แน่ใจ,-1,5
984,211,,กันแดดได้ดีเลยครับ,-1,5
985,211,,ของเค้าเจ๋งอยู่แล้ว ไม่ต้องพูดไรมาก ตุนค่ะ,24,5
986,211,,ใช้งานง่ายดี และถูกคะ,31,5
987,211,,ใช้ง่าย สะดวก ซึมเร็ว สูตรเย็น หอมอ่อนๆ ชอบค่ะ,-1,5
988,211,,ดีงาม,-1,5
989,211,,ของแพ็คมาดีมาก,23,5
990,211,,ถูกดี ชอบๆ,-1,4
991,211,,ดีงามพระรามเเปดเก้าสิบ ซื้ออีก ซื้อตลอดชาติ ขาดไม่ได้,26,5
992,211,,ผลิตภัณฑ์ที่ขาดไม่ได้ ใช้ดีมากๆๆ ค่ะ,37,5
993,211,,รอมานาน พอมาก็เลยรีบจัด,-1,5
994,211,,คุ้มมากเลยเซตนี้ กลิ่นหอมอ่อนๆ ไม่เหนียว,32,5
995,211,,ใช้งานสะดวก ไม่เหนียวเหนอะหนะ,-1,5
996,211,,ใช้ง่าย สูตรเย็น เหนอะบ้างแต่รับได้ ส่วนเรื่องป้องกันจากแสงแดด ก็สมชื่อยี่ห้อเขาเลยค่ะ   ,33,5
997,211,,ส่งของเร็วดี,-1,5
998,211,,ก้อดีนะ แต่ตอนฉีดหนาๆหน่อยคะ,27,3
999,211,,คุ้มมากๆๆๆ ส่วนตัวเราชอบแบบสเปย์มาก,23,5
1000,211,,ใช้ดีมากๆ บอกต่อเลย,31,5
1001,213,,กันแดดได้โอเค มีโปร 1 แถม 1 ยิ่งคุ้มจ้า,38,5
1002,213,ผิว,ใช้ดีค่ะ ซื้อใช้หมดไปหลายหลอดเเล้วค่ะ,-1,5
1003,213,ดี,กันแดดดี,-1,5
1004,213,ดีมากก,ชอบสุด ใช้หลายปีแล้ว กันแดดดีมาก,-1,5
1005,213,,เหนียวเหนอะไป และกลิ่นแรง ไม่แนะนำ,-1,5
1006,213,กันแดด,ใช้ดีกันแดดดีมากค่ะ,30,5
1007,213,กันแดด,กันน้ำค่อนข้างโอเคา,28,4
1008,213,ชอบมาก กันแดด ได้ดี,ซื้อตอนช่วงโปร คุ้มค่ากับราคา,33,4
1009,213,.,ยี่ห้อนี้ดีมาก,32,3
1010,213,กันแดดสุดเริ่ด ราคาย่อมเยาว์,ใช้ดีมากๆเลย,28,5
1011,213,,ใช้เป็นประจำค่ะ,-1,5
1012,213,,D,26,5
1013,213,,ใช้ตอนไปทะเล เหมาะมากเลยค่ะ,31,5
1014,213,,โอเคเลยสมราคา,-1,3
1015,213,,กันแดดเยี่ยม,36,5
1016,213,,ครีมเหนียว แต่พอทาแล้วแห้งไปกับผิวไม่เหนียว กันแดดดีกว่าตัวสีเขียวมาก,-1,5
1017,213,,เหนียวผิว,-1,2
1018,213,,ลองแปล๊บบบ,-1,3
1019,213,,ใช้แล้วกันแดดไม่ค่อยดีเท่าไหร่,-1,5
1020,213,,ได้มาแล้ว. รอ1สัปดาห์แต่แพคของดีมาก ส่งเคอรี่มาเลย,30,5
1021,213,,เหมาะมากค่ะ กับคนที่่เป็นห่วงเรื่องผิวเมื่ออกไปเผชิญกับแสงแดดจัด ไม่มีอาการแสบร้อนใดๆๆ,28,5
1022,213,,ใช้ดีค่ะ,26,5
1023,213,,คุ้มมากค่ะ,-1,4
1024,213,,กันแดดดีมากกกก,26,5
1025,213,,เหนียวนิดนุง,25,5
1026,213,,ไม่เหนี่ยวแห้งสบาย,-1,5
1027,213,,ข้นมาก กลิ่นแรงไปนิด แต่ก็กันแดดดีมากๆค่,28,5
1028,213,,ใช้ดี ค่ะ แต่เหนียวมาก,36,5
1029,213,,ใช้ดีต้องบอกต่อครับ,33,5
1030,213,,Thank you ^^,30,5
1031,213,,ใช้ดีมากๆ ตัวครีมจะเหนียวหน่อยแต่กันแดดดีมาก ออกแดดไม่แสบผิวเลยค่ะ ยิ่งโปร 1 แถม 1 คุ้มมากๆเลยถอยมา 4 ได้มา 8 เลยคุ้มเวอร์ๆ,-1,5
1032,213,,กันแดดดีคะ,-1,5
1033,213,,ได้ของแล้วววค้าา แพ๊กดีมาก ใช้ดีด้วยค้าาาา,-1,5
1034,213,,ใช้ประจำ,23,5
1035,213,,ซื้อตอนโปรแพ็คคู่คุ้มมาก,29,5
1036,213,,เหนียวไปนิด,73,5
1037,213,,เหนียวมาก,21,2
1038,213,,น้องฝากซื้อ คุ้มดีค่ะ,26,5
1039,213,,แพ็คเกจห่อกันกระแทกเรียบร้อย สินค้าอยู่ในสภาพที่สมบูรณ์ ถูกต้องครบถ้วนค่ะ,-1,5
1040,213,,ดี,22,5
1041,214,กันเเดดดีมาก,ทาเเล้วไม่เหนียวเหนอะหนะ,-1,5
1042,214,ของดีค่ะ,ยี่ห้อนี้ขึ้นชื่อเรื่องกันแดดอยู่แล้ว น่าจะใช้เกิน20ขวดแล้ว ชอบตรงที่มันเย็นแล้วบางเบานี่แหละ,23,5
1043,214,ดีงามพระรามแปด,เย็นๆตอนแรกที่ตา ไม่เหนียวมาก รูปทรงแพ็กเกตสวย,24,5
1044,214,ใช้ดีค่ะ,ใช้ดีค่ะ ใช่เดือนละขวด,-1,5
1045,214,ใช้แล้วเย็นดี,สูตรนี้ใช้แล้วสบายผิวกว่าสูตรเดิมที่ไม่เย็น แต่เวลาเหงื่อออกเยอะๆก็เอาไม่ค่อยอยู่เหมือนกัน,-1,4
1046,214,ครีมกันแดดใช้ดี,ใช้ดีค่า ใช้เดือนละหลอด,-1,4
1047,214,ครีมกันแดด,ชอบมาก ทาแล้วไม่เหนอะ กลิ่นไม่เหม็น,23,5
1048,214,กันแดดกลางแจ้ง,ยี่ห้อนี้ ขึ้นชื่อเรื่องกันแดดดีอยู่แล้ว แต่รุ่นนี้ ซึมเร็วดี หลิ่นแรงไปนิด (แอลกอฮอล์เยอะมาก) เลยแห้งเร็ว ใช้ตอนไปกลางแจ้ง ดีเลย แต่ใช้ทุกวันคงไม่เหมาะ,28,4
1049,214,กลิ่นหอมอ่อนๆ ค่ะ,ซึมซาบเร็ว ไม่เหนียว มีกล่อนหอมอ่อนๆ ค่ะ,33,5
1050,214,ดี๊ดีย์,ชอบค่ะ ราคาก็โอเคด้วย,32,5
1051,214,ครีมกันแดด,ใช้ง่าย ใช้ดีมากค่ะ กลิ่นหอม เย็น สดชื่น,1,5
1052,214,ดีงามมาก,สั่งขวดที่2 แล้ว ครับ  เย็นนนน ดี ชอบๆ,-1,5
1053,214,กันเเดด,ใช้ดีมาก เย็นๆ ทาง่าย ซึมเร็ว ชื้อต่อมาหลายขวดเเล้วค่ะ,-1,5
1054,214,ปลื้มค่ะ,ชอบค่ะ ซึมไวดีเย็นๆไม่เหนียวตัว,26,5
1055,214,ได้รับแล้วค่ะ,konvyบริการดีมากเลย  มีปัญหาอะไรก้แก้ให้อย่างรวดเร็ว ดีค่ะ,-1,5
1056,214,❤️️❤️️❤️️,ดีมาก ซึมไว้มาก ชอบๆๆ,-1,5
1057,214,ดีค่ะ,ทาแล้วตัวไม่เหนียว,35,5
1058,214,Cool,this product given me cool sensation when applied it. Absorb very fast  so we gonna need to use it quick to spread it equally. It left little greasy but not much oily after using it about 5 minute. But it will gone soon after hour. Need to reapply it after use under the sun more than an hour.,30,5
1059,214,sunscreen!!!!,เป็นกันแดดที่ใช้ดี   ชอบมากกกกก,-1,3
1060,214,,ชอบ,20,5
1061,214,ดีมากๆ,ส่วนตัวประทับใจคุณภาพแบรนด์นี้อยู่แล้ว ล่าสุดลองตัวนี้ไปว่ายน้ำตอนบ่ายสาม กลางแดดประมาณ2ชั่วโมง ผิวไม่คล้ำขึ้นมากเหมือนตอนใช้แบรนด์อื่น แถมแอบขับผิวให้จากเดิมที่ดูแทนๆอยู้แล้ว ดูแทนโกลวขึ้นมาอีก ไม่แพ้ ซึมช้านิดหน่อย ไม่หนักผิว แต่เป็นคนชอบความรู้สึกของกันแดดแบบนี้อยู่แล้ว ชอบให้รู้สึกว่ามีอะไรอยู่บนผิว รู้สึกปลอดภัย อิอิ กลิ่นไม่แรง ทาแล้วเย็นๆ หลังว่ายน้ำเสร็จอาบน้ำแล้วผิวก็ไม่แห้ง ชอบมากกกกกกกกกกกกกกกกกก จริงๆ,-1,5
1062,214,,ได้สินค้าในสองวันเร็วดีครับ,31,5
1063,214,,เพิ่งใช้ค่ะ,32,5
1064,214,,ชอบมากค่ะ ซึมเร็ว เย็นสบายไม่เหนียว ปลื้มมากกกกกกกก,26,5
1065,214,,ใช่ดีค่ะกลิ่นหอม,26,5
1066,214,,ก็โอเคค่ะ,-1,5
1067,214,,ไม่เหนียว ทาแล้วเย็นๆเบาผิวดี,22,5
1068,214,,:),43,5
1069,214,,ไม่เหนียวเหนอะหนะ ดีค่า,24,5
1070,214,,เนื้อครีมซึมซับเข้าผิวไวมาก ไม่เหนอะหนะ โดยรวมชอบค่ะ เรื่องประสิทธิภาพกันแดดถ้าดี ใช้ต่อยาวๆๆค่ะ,30,5
1071,214,,ซื้อมาเพื่อกิจกรรมกลางแจ้งโดยเฉพาะเลย กันทั้ง uva (aging)   uvb (burning)  คุ้มสุดฟ,19,5
1072,214,,ถูกและดี,-1,5
1073,214,,ซื้อให้แฟนใช้แฟนต้องทำงานที่เข้าป่าตากแดด แฟนบอกว่ากันแดดดีค่ะ,26,5
1074,214,,ได้รับของเรียบร้อยครับ,-1,5
1075,214,,ใช้ดีค่ะ,28,5
1076,214,,ได้รับสินค้าเร็ว ทาก่อนลงเล่นน้ำที่ทะเล ก็ไม่ดำ แนะนำครีมกันแดดตัวนี้เลยค้าาา :D,22,5
1077,214,,Highly recommend..,-1,5
1078,214,,ใช้ดีเหมาะกับอากาศบ้านเราคะ,-1,5
1079,214,,ใช้แล้วไม่เนอะตัว กลิ่นหอม,-1,5
1080,214,,ใช้มาตลอด ตัวนี้ตัวเดียวอยุ่ทั้งวันค่ะ เย็นๆๆ ด้วย,28,4
1081,215,ใช้ดี,ไม่เหนียวเหนอะหนะ กลิ่นหอม,29,5
1082,215,รีวิวค่ะ,เนื้อครีมจะเหนียวนิดหน่อยแต่กันแดดเยี่ยมเลยค่ะ ตอนแรกใช้แบบหลอด ติดใจเลยซื้อขวดใหญ่เลย,-1,5
1083,215,มันนะ,ความรู้สึกคือมันมาก ต้องไปฉีดในห้อวน้ำเลย พื้นมัน เวลาฉีดที่ผิวไม่ได้รู้สึกว่ามันซึมเร็วเลยเพราะความมันยังคงอยู่,26,3
1084,215,พอใช้ค่ะ,หมดเร็วไปหน่อย,24,5
1085,215,ใช้ดี,แต่กลิ่นแอบแรงนิดนึง,-1,5
1086,215,เนื้อ,ซึมเร็วมาก แต่แอบมันนิดๆ,-1,5
1087,215,ชอบ,ชอบมาก ใช้ง่ายดี,-1,5
1088,215,,ใช้ดีมากครับ คุ้มมากกก,-1,5
1089,215,ใช้ง่าย,แต่เหนียวเหนอะหนะมากกก,-1,4
1090,215,,ใช้ดีคะ ไม่เนอะหนะ,-1,5
1091,215,,ฉีดที่หน้าโดยตรงไม่ได้  ต้องฉีดใส่มือก่อนแล้วค่อยทาบนหน้านะคะ,-1,5
1092,215,,:) ใช้ง่ายค่ะ,43,5
1093,215,,ถูกค่ะ. ปกป้องดี,42,5
1094,215,,ฉีดแล้วมันนิดหน่อย,21,5
1095,215,,คุ้มค่า คุ้มราคา ซื้อต่อเเน่ๆๆ,32,5
1096,215,,แพ็คของมาดีค่ะ ไม่มีบุบเลย,36,5
1097,215,,ซื้อต่อแน่นอน,34,5
1098,215,,คุ้มมากเลยเซตนี้ กลิ่นหอมอ่อนๆ,32,5
1099,215,,สะดวกเวลาพกพา เวลาใช้งานเพียงแค่ฉีด ทาแล้วโดนแดดไม่ค่อยแสบผิวค่ะ ใช้ดีค่ะ,-1,5
1100,215,,เหนียวเหนอะหนะมากค่ะ ฉีดแล้วต้องโรยแป้งตามเลย ชอบแบบที่เป็นโลชั่นมากกว่า,30,3
1101,215,,เย็นผิวดีค่ะ,-1,5
1102,215,,ใช้สะดวก แต่คนผิวแห้งน่าจะไม่เหมาะ,26,5
1103,215,,เหนียวมาก ออกอาการแพ้ด้วย,24,1
1104,215,,คุ้มค่า,41,5
1105,215,,ดีค่ะ,-1,5
1106,215,,ทดสอบๆ จะเอาอยู่ไหม งานกีฬา,31,5
1107,215,,ดีงาม,26,5
1108,215,,ใช้ง่ายย,-1,5
1109,215,,เหนียวพอๆกับครีมไม่ปลื้มเท่าไร,35,2
1110,215,,เริ่ดมาก ทาละตัวเงาๆ,26,5
1111,215,,ชอบค่ะ,-1,4
1112,215,,เวลารีบๆใช้สะดวกมากค่ะ แต่ติดที่จะออกเงาๆมันๆไปหน่อย เวลาฉีดก็จะเย็นๆนิดๆค่ะ / ส่วนตัวชอบตัวเดิมที่เป็นหลอดมากกว่าค่ะ เนื้อครีมจะนิ่มและซึมเร็วกว่า หอมกว่าด้วยค่ะ จะไม่มันเท่าตัวสเปย์,-1,5
1113,215,,good,27,5
1114,215,,ใช้ดีมาก และของถึงไวมากคะ,30,5
1115,215,,ของหมดสต๊อกอ่า T^T แต่ตัวนี้ใช้มากนะ คือชนะเลิศ เดอะเบสมาก รอสินค้ามาอยู่น้าา :) ปล.ใช้งานจาก บัตรเครดิตซื้อของเพิ่มแล้ว ได้ของจะมารีวิวนะคะ,-1,5
1116,215,,ใช้ง่ายสะดวกดี ฉีดๆ,36,5
1117,215,,คุ้มราคา,35,5
1118,215,,ส่งของเร็วมาก,-1,5
1119,215,,ใช้ง่ายดี ฉีดแล้วตอนแรกจะเหมือนิวมันๆ แต่สักพักจะซึมเข้าผิว,25,5
1120,215,,ช่วงนี้ออกแดดบ่อย จริงๆอยากได้สีแดงนะ แต่หมดอ่ะ รออยู่นะ,-1,5
1121,216,,ดีคะ,-1,5
1122,216,,กันแดดดีคะ,-1,5
1123,216,,กันแดดใช้ดีอยู่แล้ว ที่นี่ราคาถูกเลยจัดไป,33,5
1124,216,,ใช้ดีค่ะ,39,4
1125,216,,ไม่ชอบ ฉุนๆ เหนอะๆ เลอะเทอะ,-1,1
1126,216,,แพ็คของดีมากคะ,27,4
1127,216,,พ่นๆๆ เย็นๆๆ,30,5
1128,216,,ใช้สะดวกและปกป้องดีค่ะ. เราแช่ตู้เย็นก่อนใช้. เวลาฉีดกลางแดดจะได้เย็นๆ,53,5
1129,216,,สะดวก ใช้ง่าย แต่แอบหมดเร็วไปนิด,-1,5
1130,216,,ชอบค่ะ เย็นๆ กัดแดดเริ่ดค่ะ,30,5
1131,216,,โอเคดีค่ะไม่เหนอะมาก ไม่เสียเวลาทาแห้งไวด้วย ชอบเลยค่ะ,1,5
1132,216,,ใช้ง่ายไม่เหนียวเหนอะหนะ,50,5
1133,216,,ดีคะ,36,5
1134,216,,พกพาสะดวก ง่าย เหมาะมากกับเวลาที่เร่งรีบ เเละกิจกรรมที่ต้องอยู่กลางเเจ้งเป็นเวลานาน ไม่เหนียวเหนอะหนะ ไม่ละลายออกจากผิว,-1,5
1135,216,,ใช้ดีมาก ไม่เหนียว ตัวนี้เริ่ดค่ะ จะเย็๋นๆตอนฉีดนะค่ะ หลังจากนั้นไม่เย็น ตอนแรกก็มโนไปว่าจะเย็นแบบแป้งเย็น มันไม่ใช่นะคะ,31,3
1136,216,,ใช้ดีมาก ไม่เหนียว ตัวนี้เริ่ดค่ะ จะเย็๋นๆตอนฉีดนะค่ะ หลังจากนั้นไม่เย็น ตอนแรกก็มโนไปว่าจะเย็นแบบแป้งเย็น มันไม่ใช่นะคะ,31,5
1137,216,,ดีมากๆเลย พ่นแล้วจบ รอให้ซึมเข้าผิวเองเลยค่ะ แถมเย็นสบายดีมากๆค่ะ,32,5
1138,216,,ใช้ง่ายยย สะดวกมากเลยโดยเฉพาะเวลาเร่งรีบ,-1,5
1139,216,,เย็นดีค่ะ ใช้ง่าย,-1,5
1140,216,,เย็นดี ใช้ง่าย แต่หมดเร็วค่ะ,50,5
1141,216,,ดีนะ,36,5
1142,216,,ใช้ง่าย แห้ง ไม่มัน ไม่เหนียว,29,5
1143,216,,แบบขวดสเปรย์หยิบมาใช้ได้สะดวกมาก โดยเฉพาะในวันที่รีบๆ แค่ฉีดให้ทั่วผิวกายก็ช่วยปกป้องผิวจากแสงแดดแล้วค่า ชอบมากๆไม่เหนียวเหนอะหนะเลย มันเหมือนช่วยเคลือบผิวไว้ กันแดดได้ดีทีเดียว,-1,5
1144,216,,ใส่ความคิดเห็นของคุณที่นี่,-1,5
1145,216,,กันแดดได้ดีนะคะ,29,5
1146,216,,ชอบมากค่ะ,30,5
1147,216,,ใช้ง่ายกันแดดได้ดี หมดปัญหาครีมกันแดดเหนียวเนอะหน่ะ แต่เปลืองก็กว่าแบบขวดมาก,27,4
1148,216,,ใช้ตอนสงกรานต์ ผิวคล้ำลงนิดหน่อยเองค่ะ ชอบค่ะ,29,5
1149,216,,สะดวกดีค่ะ แต่หมดเร็วมาก,-1,3
1150,216,,ใช้งานง่าย สะดวก ชอบค่ะ,39,4
1151,216,,หอมด้วย เบา สบายอ่ะ,28,4
1152,216,,ใช้ดีค่ะ เล่นสงกรานต์ผิวคล้ำลงแค่เล็กน้อยค่ะ,29,5
1153,216,,มีกลิ่นหอม ซึมเข้าผิวเร็ว ไม่เหนียวเหนอะหนะ ใช้ดีคุ้มราคา,34,5
1154,216,,ใช้ง่ายค่ะ ไม่เหนียวเหนอะหนะ,35,5
1155,217,ส่งไวมากค่ะ,แพ๊คของดีมาก,-1,5
1156,217,เย็น ทาง่าย,ไม่ค่อยเหนียว เย็นๆดี กันแดดดี,-1,5
1157,217,Banana,ซื้อ 1 แถม 1 คุ้มดีค่ะ ซื้อให้แฟนใช้,25,5
1158,217,ครีมเนื้อเหนียว ผิวคล้ำลงเล็กน้อย,ซื้อมาลองใช้ตอนไปทะเล ครีมเนื้อเหนียวซึมยาก แต่เย็นๆสดชื่นดีค่ะ หลังกลับจากทะเลรู้สึกว่าผิวยังคล้ำลงเล็กน้อย ไม่รู้ว่าเพราะทาครีมไม่สม่ำเสมอหรืออะไร แต่ถือว่าพอโอเคค่ะ :),-1,4
1159,217,กันแดดแ,เย็น สดชื่น,-1,5
1160,217,Outdoor อย่างเดว,ใช้สำหรับเที่ยว ทะเล  หรืองานกลางแจ้งแบบ ต้องตากแดด นานๆ เท่านั้น,-1,4
1161,217,สุดๆอ่ะ ยี่ห้อนี้,บอกตรงๆนะ ซื้อตุนคะ ขาดไม่ได้เลยสักวัน คะ ชอบ ดี ถูก อะเคร,-1,5
1162,217,แอบหนืดไปนิด แต่กันแดดดี,แอบหนืดไปนิด แต่กันแดดดี,29,3
1163,217,,ใช้ตัวนี้มาตลอดเลย เป็นกันแดดสูตรเย็น ทาแล้วแห้งเลย เย็นๆดีด้วย ไม่เหนียวเหนอะหนะระหว่างวัน เราว่าโอเคเลยอ่ะ เหมาะกับการใช้ในชีวิตประจำวันกับแดดประเทศไทยตอนนี้มากๆ เพราะปกติเคยใช้สูตรอื่นแล้วมันค่อยข้างเหนียวเกลี่ยยาก แต่ตัวนี้เกลี่ยง่ายมากๆ กันแดดได้ดีมากยอมรับเลยยี่ห้อนี้ ขนาดไปกระบี่ทาทีเดียวตอนเช้า กลับมาเพื่อนก็บอกว่าไม่คล้ำ ไม่ไหม้แดดเท่าไหร่ ทั้งๆที่แดดทางใต้แรงจนแสบตัวไปหมด ปกติเจอถูกๆหลอดละ400กว่าบาท ในkonvyนี่ถูกมากๆนะ ดีมากๆลองซื้อไปใช้กันดูค่ะ แนะนำเลยตัวนี้ ❤️,-1,5
1164,217,,คุ้มมากค่ะ,-1,5
1165,217,กันแดด,ไม่ค่อยโออ่ะ ทาแล้วผิวมันไปครึ่งวัน พอโดนน้ำนี่ลื่นเชียว ไม่มีความกันน้ำเบย,27,3
1166,217,,ดี,27,5
1167,217,,แพ็คดี ได้รับของเร็วมากค่ะ,-1,5
1168,217,,รักเรยยย เยนสบายผิว,36,5
1169,217,,กลิ่นหอมทาแล้ว เย็นๆ,-1,5
1170,217,,เนื้อไม่เหนอะดี ชอบบ,-1,5
1171,217,,ติดทน,-1,5
1172,217,,ใช้ดีคะเหนียวตัว กันแดดดีคะ,25,5
1173,217,,คุ้มมาก กันแดดดีเยี่ยม,25,5
1174,217,,ใช้ดีมากคะ ซึมเร็ว ไม่เหนียวเหนอะหนะ กลิ่นแอบแรง แต่ทาไปสักพักกลิ่นจางลง รับได้คะ,33,5
1175,217,,ใช้แล้วไม่ดำขึ้น,36,4
1176,217,,ได้รับของไวมาก ห่อกันกระแทกมาอย่างดี ส่วนตัวยังไม่เคยใช้ตัวนี้ เคยใช้แต่ตัวอื่น,31,5
1177,217,,ใช้ดีค่ะ,-1,5
1178,217,,ดีค่ะ คุ้ม ประหยัด,37,5
1179,217,,ที่สุดอยู่แล้ว,-1,5
1180,217,,ชอบมาก ทาแล้วเย็นสบายผิว มีกลิ่นหอมอ่อนๆๆ,27,5
1181,217,,ชอบมากค่ะ ตอนที่เนื้อครีมสัมผัสกับผิวแล้วเย็นดี,-1,5
1182,217,,ซึมดี แห้งเร็ว กลิ่นหอม เย็น ไม่เหนียว ซื้ออีกแน่นอน,-1,5
1183,217,,ดีคะ,-1,5
1184,217,,ดี...คุ้มมาก,42,5
1185,217,,เย็นๆๆๆ ไม่เหนียวเนอะ  ใช้แล้วโอเครมากๆๆๆค่ะ   มีค่กัดแดดสูง,25,5
1186,217,,กันแดดดีเยี่ยม ไม่เหนอะหนะ กลิ่นไม่ฉุนเกินไป และถูก!!,-1,5
1187,217,,เย็นดีค่าา,22,5
1188,217,,อันนี้ชอบมากกค่ะเหมาะกับหน้าร้อนสุดๆค่ะทาแล้วเย็นสดชื่นมากๆเลค่ะ,-1,5
1189,217,,ชอบใช้กันแดดของบานาน่าโบ๊ทมาก เพราะไม่ดำเลยตอนไปทะเล แต่จะติดตรงกลิ่นแรงมาก และตัวมันมาก ถ้าทาก็คือไปทะเลเท่านั้น,-1,5
1190,217,,ซึมเร็ว ไม่ต้องรอเวลา,-1,5
1191,217,,เหมือนใส่น้ำหอม เนื้อผลิตภัณฑ์เหนียวนิดหน่อย,27,5
1192,217,,ปกป้องผิวได้ดี ราคาคุ้มสุดๆ,43,5
1193,217,,ไม่กลัวแล้วเวลาออกแดด กันแดดกันน้ำดีมากเลย ราคาก็ถูกมาก เลิศ!,21,5
1194,217,,ใช่ดีคร่า ออกเย็นๆดี,25,5
1195,218,ใช้ดี,ไม่เหม็นเหมือนตัวอื่นๆ มีเหนียวๆตัวบ้างเวลาทา สูตรนี้โอเคเลยค่ะ เราใช้แล้วไม่แพ้,21,4
1196,218,กันแดด เยี่ยม,ใช้แล้วหน้าขาวดีค่ะ จนแฟนคิดว่าทาแป้ง,-1,5
1197,218,เหนียว ทายาก แต่กันแดดได้ดีค่ะ,ทายากพอสมควร และล้างออกยาก แต่รู้สึกว่ากันแดดได้ดีค่ะ เพื่อนทักว่าขาวขึ้นค่ะ ไม่รู้เกี่ยวกันหรือเปล่า,32,5
1198,218,กันน้ำ กันแดดได้ดีคะ,กันน้ำ กันแดดได้ดีคะ ไม่เหนียวเหนอะหนะเท่าไหร่คะ ใช้กับเด็ก ๆ ได้คะ,40,4
1199,218,,กันแดดได้ดี แต่ค่อนข้างเหนียวไปหน่อย,-1,3
1200,218,,ดีค่ะ,28,5
1201,218,,สูตรนี้เหนียว แต่กันแดดได้ดีมาก กันน้ำกันเหงื่อ,27,5
1202,218,,ใช้ดีค่ะ ไม่มีกลิ่น ค่อนข้างจะเหนอะผิวนิดนึง,27,5
1203,218,,ใช้ดีคะ,23,5
1204,218,,ใช้ดีค่ะ,24,5
1205,218,,ได้รับของแล้วค่ะ,33,5
1206,218,,รวดเร็วมากค่ะ,26,5
1207,218,,ได้รับของเเล้ว เเพ็คดีมาก ไว้จะมารีวิวนะคะ,-1,5
1208,218,,ชอบมาก ซื้อตามรีวิว ว่ากันแดดดี ใช้มานานแล้ว แถม konvy จัดโปรด้วย ชอบสุดๆ,32,5
1209,218,,เนื้อเหนียวไปหน่อยค่ะ แต่กันน้ำดีมาก,-1,5
1210,218,,ขนาดเหนียวยังใช้จนหมดเพราะเสียดายแต่กันแดดดีเยี่ยม,39,3
1211,218,,ดี เลิศ งาม คุณภาพเเน่น,31,5
1212,218,,ยี้ห้อนี้ไม่ต้องพูดถึง คุณภาพสมราคาครับ,39,5
1213,218,,ใช้ดีมากค่ะ,34,5
1214,218,,เหนียวไปหน่อย แต่ก้โอเครคะ,-1,4
1215,218,,ใช้ดีค่ะ,22,5
1216,218,,คุ้มค่า,41,5
1217,218,,โดยส่วนตัวแล้วคิดว่าเหนอะไป,23,5
1218,218,,ชอบค่ะ อ่อนโยนต่อผิว แต่แอบมีเหนอะหนะบ้าง,-1,4
1219,218,,ใช้กันแดดโอเค,39,5
1220,218,,เหนียวไปหน่อย แต่กันแดดดี,18,5
1221,218,,ตัวนี้กันแดดดีมาก เนื้อครีมเข้มข้น แต่กลิ่นไม่ค่อยโอนะ 5555,22,4
1222,218,,เหนียวไปนิดนึง,22,3
1223,218,,ชอบค่ะ แต่กลิ่นแปลกๆนิดๆ,24,4
1224,218,,ดีค่ะ ใช้วันที่ไม่ออกไปข้างนอก,-1,5
1225,218,,Bananaboat ทาแล้วกันแดดดีมากคะ แล้วตอนทาผิวขาวขึ้นด้วยคะ  ชอบซื้อตอนลดราคาคุ้มมากกกก,23,5
1226,218,,หนืดไปหน่อย  แต่ก็ดีนะ,-1,4
1227,218,,ชอบค่ะ... เนื้อครีมเกลี่ยง่ายไม่เหนอะและมันมาก,-1,4
1228,218,,เหนียวมาก ถ้าทาไม่ดีจะเห็นเป็นคราบขาวๆเลย,23,2
1229,218,,ใช้ดีมาก ซึมเร็วมาก เนื้อครีมมีน้ำหนัก เหนียว แต่ซึมไว,-1,3
1230,218,,ตัวโลชั่นไม่ค่อยเหนอะ ดีค่ะ,-1,5
1231,218,,เหนียวไปหน่อย ทาค่อนข้างยากค่ะ,27,3
1232,218,,ใช้ดี ไม่ค่อยเหนียวเท่าไหร่ กันแดดได้ดี ไปทะเลไม่ดำ,27,5
1233,218,,มันไปหน่อย,40,5
1234,218,,ทายากไปหน่อย แต่ก็กันแดด กันน้ำได้ดี,32,5
1235,219,,ไม่ชอบเลย,-1,1
1236,219,,ฉีดใช้ง่ายดีค่ะ แต่เหนียวไปค่ะ,42,5
1237,219,,กลิ่นแรงไปหน่อยค่ะ,-1,3
1238,219,,ใช้ง่าย  สะดวกดีค่ะ และไม่เหนียวเหนอะหน่ะด้วย  ชอบค่ะ,-1,3
1239,219,,กันแดดดี แต่เหนียวและขึ้นเงาๆมันๆคะ,30,4
1240,219,,กันแดดดีค่ะ,39,5
1241,219,,ฉีดแล้วดหนียวตัวไปหน่อยค่ะ,33,3
1242,219,,;D,30,5
1243,219,,ใช้งานสะดวกค่ะ แต่โดนพื้นแล้วทำความสะอาดยาก,23,5
1244,219,,ฉีดแล้วผิวสีออกหมิงๆไม่ใส,50,5
1245,219,,รู้สึกเบาสบาย เหนียวน้อยกว่าแบบโลชั่น,27,4
1246,219,,ของเขาดีอยู่แล้ววว,32,5
1247,219,,Banana Boat นี่แหละค่ะ ขวดเดียวเอาอยู่ ไปได้ทั่วโลก :),23,5
1248,219,,ไม่เนอะหนะ  เย็นได้ใจค่ะ หอมด้วยค่ะ,23,5
1249,220,รู้สึกดี,ใช้แล้วรู้สึกเย็นสบายผิวหลังโดนแดด,38,5
1250,220,,เย็นดีค่ะ,22,5
1251,220,,สดชื่น สบายผิว ลดอาการปวดแสบปวดร้อนหลังจากออกแดดนานๆดีเยี่ยม,25,5
1252,220,,ดี๊ดี ใช้แล้วเย็นดี,42,5
1253,220,,ดี,28,5
1254,220,,เนื้อเจลไม่เหนียว เย็นสดชื่นมาก,22,5
1255,220,,เนื้อเจลสดชื่น ทาแล้วไม่เหนียว เย็นนิดๆกำลังดี,29,5
1256,220,,ชอบบบบบบบบ ซื้อประจำเวลาไปทะเล,26,5
1257,220,,เย็นๆ ชอบค่ะ หลังจากออกแดดช่วยได้เยอะเลย,29,5
1258,220,,ทาแล้วซึมไว เย็นผิวดี,41,5
1259,220,,ใช้แล้วรู้สึกเย็นสบาย,-1,5
1260,220,,ราคาถูกกว่าที่อื่นอีก ทาแล้วเย็นสดชื่น แต่กลินแอลกอฮอล์แรงนิดนีง,18,4
1261,220,,แพ็คของดีจริงๆ เจลไม่เหนียวเนอะนะด้วย กลิ่นสปอตฝุดๆ,21,5
1262,220,,ใช้แล้วรู้สึกสดชื่นคะ,44,5
1263,220,,เย็นดีค่ะ ทาแล้วสดชื่น,28,5
1264,220,,ใช้ดีค่ะ ซึมเร็ว ไม่เหนียว,-1,5
1265,220,,เย็นสะใจค่ะ,32,5
1266,220,,ลองใช้แล้ว  แห้งไวครับ  ไม่เหนียวเหนอะหนะ,-1,5
1267,220,,contain alcohol and it makes the smell become very strong and unpleasant. However  it is nice when talking about cool feeling when apply.,23,4
1268,220,,ยังไม่ได้ลองค่าเห็นแก่ของถูกลด 50% เอาไว้ก่อน,44,5
1269,220,,ชุ่มชื้น เย็นเมนทอล เหมาะกับอากาศร้อนอบอ้าวสุดๆ,29,5
1270,220,,ใช้ดี ตัวเจลเย็นดีหอมด้วย,-1,5
1271,220,,เย็นดีค่ะ อาจจะมีเหนียวๆ บ้าง แต่ไม่มาก โดยรวมแล้ว ดี,22,5
1272,220,,เย็น แห้งไว,-1,4
1273,221,ไม่เหนอะหนะ กันแดดดี,กันแดดได้ดี ทาแล้วซึมไว้ ไม่เหนียวเหนอะหนะ,38,5
1274,221,กันแดดคู่กาย,ปกป้องดีสุดก็ต้องเรือกล้วยนี่ละ,33,5
1275,221,กันแดดกันน้ำได้ดี,กันแดดกันน้ำได้ดี ไม่เหนียวแหน่อะหน่ะเวลาทา ทาตอนไปเที่ยวทะเลกลับมาไม่ดำเลย,-1,5
1276,221,.,ใช้ดีมาก ต้องซื้อซ้ำ,-1,5
1277,221,,ใช้ดีค่ะ ไม่เหนียวเท่าสีส้ม กลิ่นอ่อนๆ,28,5
1278,221,,เป็นครีมกันแดดเนื้อบางเบากว่าสูตรกีฬาสีส้ม ใช้ดีไม่แพ้กัน แต่เรื่องแดดเผา สีส้มเอาอยู่กว่า,23,5
1279,221,,เหนียวไปหน่อย,35,2
1280,221,,กันแดดตอนไปทะเลได้ดีจริงๆค่ะ,-1,5
1281,221,,ไม่เนียวเหนอะหนะ,25,5
1282,221,,สัมผัสนุ่ม ไม่เหนอะหนะ แถมแห้งเร็ว เหมาะกับการทานก่อยไปเล่นน้ำในวันที่แดดแรงค่ะ,43,5
1283,221,,ดี,27,5
1284,221,,ไม่เหนอะหนะค่ะ,28,5
1285,221,,กักันแดดได้ดีค่ะไม่เหนียวเลย เยี่ยมคะ,31,5
1286,221,,ใช้ดีค่ะ ไม่เหนียวเหนอะนะ,-1,5
1287,221,,ใช้แล้วรักเลย,-1,5
1288,221,,ชอบกว่าสีส้ม ไม่เหนียวมาก,27,5
1289,221,,ครีมกันแดดตัวนี้ เนื้อครีมทาง่ายไม่เหนียวเหนอะหนะ และซึมไวกว่า BananaBoat  รุ่นอื่น,26,5
1290,221,,เนื้อครีมบางเบา ใช้ดี,25,5
1291,221,,ลองใช้ก่อนน๊า,19,5
1292,221,,เนื้อเบา และไม่เหนอะเลย ปลื้มอ่ะ ราคาก้อดี๊ดีๆๆๆๆๆๆๆๆ,35,5
1293,221,,รอบนี้สั่งแบบ ส่งโดยแมสเซ็นเจอร์ ก็ได้ของเร็วเหมือนเดิม แพคของมาดี ขนส่งดี ประทับใจ ^^ ..... กันแดดตัวนี้ ซื้อสำรองไว้อีกหลอด หน้านี้แดดรุนแรงมาก ตัวนี้เบาสบาย กันแดดได้ดี ปริมาณคุ้มราคา,41,5
1294,221,,ส่งของเร็ว แพคของดี ตามมาตรฐานเหมือนเดิมครับ ..... ทดลองใช้แล้ว การกันแดดดีตามแบบของยี่ห้อนี้ แล้วก็ ถูกใจคนผิวผสมแบบผมนะ พูดง่ายๆ ตัวนี้มันก็คือ บานาน่าโบท หลอดสีเขียว ที่ขายประจำในวัตสันนั่นแหละ ..แต่.. ตัวนี้ดีกว่ามาก บางเบากว่า ซึมเร็ว มีความมันน้อยมาก สบายผิว ควรซื้อตุนเลยครับ คนผิวผสม ผิวธรรมดา ต้องชอบแน่ .. คนผิวมันก็ได้อยู่เพราะตัวนี้ไม่มันมาก ทาแล้วตามด้วยแป้งเด็กได้ สบายๆ .. คนผิวแห้ง อาจต้องบำรุงนิดหน่อยก่อนลงตัวนี้ ผิวจะได้ดูสดใสขึ้น .... ประมาณนี้ครับ ความรู้สึกหลังใช้,41,5
1295,224,กันแดด,เลิฟสุดในบรรดากันแดด,24,5
1296,224,BananaBoat,เป็นกันแดดทาตัวที่ชอบมาก ไม่เหนียวเหนอะ เกลี่ยง่าย,-1,5
1297,224,กันแดดได้ดีเยี่ยม,รู้สึกไม่ร้อนเวลาโดนแดดค่ะ,-1,5
1298,224,very good,ใช้ดีมาก ไม่เหนียว,-1,5
1299,224,ดี,ไม่ค่อยเหนียวเท่าสีส้มค่ะ,-1,5
1300,224,gentle for sensitive skin,recommend for sensitive skin! very gentle,-1,5
1301,224,ดีมากครับ,ไม่เหนียว,29,5
1302,224,ไม่เหนียว,ถือว่าคุ้มเพราะเป็นกันแดดที่ไม่เหนียว เหมาะกับการไปทะเล มากคะ,38,5
1303,224,ครีมกันแดด,ใช้ดี ไม่เหนียว ซื้อต่อแน่นอน,27,5
1304,224,กันแดด,ดีกว่าทุกตัว,28,3
1305,224,เป็นกันแดดที่ขาดไม่ได้เลยคะ,เนื้อครีมซึมเร็ว ไม่เหนียวตัว กัดแดดได้ดี ชอบมากคะ,31,4
1306,224,กันแดดในดวงใจ,ใช้ดีมากคะ ไม่เหนียวตัว รักมากๆเลย,31,4
1307,224,,ใช้ดีแห้งสบายมาก ชอบรุ่นนี้มากที่สุดแล้ว,-1,5
1308,224,,ใช้ดีมากค่ะไม่เหนียวซึมเร็วดี,30,5
1309,224,ครีมกันแดด,เนื้อครีมบางเบา ไม่เหนอะหนะ ปกป้องแสงยูวีได้ดี,26,5
1310,224,,ไม่เหม็น ไม่เหนียว ใช้ง่ายดีค่ะ,-1,5
1311,224,,เนื้อครีมไม่เหนียว,-1,5
1312,224,,กันแดดดีค่ะ เบาสบายไม่เหนียว,26,5
1313,224,,ขึ้นชื่อแบรนด์กันแดดที่โด่งดัง ส่วนตัวคิดว่าเเห้งเร็วไป,-1,5
1314,224,,ดีคะ,19,5
1315,224,,ซึมเร็วดีค่ะ กลิ่นโอเค,21,4
1316,224,,สุดยอดกันแดด ใช้ทุกสูตร กันแดดได้ดีมาก แต่สูตรนี้ไม่เหนอะหนะ ซึมไวกว่าตัวอื่น,27,5
1317,224,,คุ้มดีแพ็คคู่,28,5
1318,224,,ถ้ากันแดดต้องแบรนด์นี้เท่านั้น,28,5
1319,224,,ได้ของไวมากค่ะ แพ็คดีด้วย สินค้าที่ได้ก็ดีมากค่ะ :),-1,5
1320,224,,Love it!,-1,5
1321,224,,คุ้มมากเลย,21,5
1322,224,,:),43,5
1323,224,,ใช้ดี กันแดดเยี่ยม ไม่แสบผิวเลยคะ,30,5
1324,224,,แดดร้อนแบบนี้ต้องนี่เลย...แจร่มๆๆๆ,41,5
1325,224,,สำหรับเรา เราใช้แล้วไม่เหนียวตัว คือดี,-1,5
1326,224,,ไม่เหนียวเหนอะหนะ,-1,5
1327,224,,ไม่เหนียวเหนอะหนะ ดีมาก,-1,5
1328,224,,ตัวนี้ไม่เหนอะหนะผิวดี ชอบค่ะ,-1,5
1329,224,,ใช้ดีค่ะคุ้มค่ามากๆค่ะ,35,5
1330,224,,ไม่เคยเปลี่ยนใจ,-1,5
1331,224,,คุ้มดี,-1,5
1332,224,,โลชั่นซึมเร็ว ไม่เหนียวเหนอะหนะเลยค่ะ สินค้าก็แพ็คมาดีมาก,30,5
1333,224,,ไม่เหนียวเนอะน่ะกัดแดดดีเยี่ยม,19,5
1334,224,,1แถม1 นี่คุ้มมาก รีบเลยค่ะ เดี๋ยวหมด,24,5
1335,225,,ใช้ดีคะ,22,5
1336,225,,หอม ซึมสู่ผิวเร็วไม่เหนอะ,29,4
1337,225,,แดดเมืองไทยร้อนมาก แต่ตัวนี้เอาอยู่,26,5
1338,225,,ทาง่าย ซึมเร็วมาก,-1,5
1339,225,,ต้องลองค่ะ,30,5
1340,225,,สั่งกี่รอบก็ช้าทุกรอบเลย,-1,5
1341,225,,ถูกและดี,36,5
1342,227,ครีมกันแดดเนื้อบางเบา,ซึมเร็ว ไม่เหนียว ใช้ดีค่ะ,-1,5
1343,227,ซึมซาบเร็ว,ปกป้องได้ดี,-1,5
1344,227,ใช้ดี,ใช้ดี,42,5
1345,227,ดีคะ,ไม่แสบตา,31,5
1346,227,ใชดี,ใช้ดีมากก เอาไปเลย10ดาว,-1,5
1347,227,ใช้ดีต้องช็อปเพิ่ม,รักนางเลย ใช้ดีซื้อรอบสามแล้ว,-1,5
1348,227,ดีค่ะ,ใช้ดีไม่เหนียว,-1,5
1349,227,ใช้ดีไม่เหนียวหน้า,ใช้ดีไม่เหนียวหน้า,36,5
1350,227,ก็ดีมั้ง,ไม่ได้ตั้งใจสั่งตัวนี้ แต่ตั้งใจสั่งสำหรับผิวกาย สั่งผิด TT   เอามาถ้าหนาครั้ง 1 เหนาะๆ เหนียวๆ  ไม่ค่อยชอบ  เอามาทาแขนสบายใจไป ^^V,26,4
1351,227,กันแดดสำหรับเด็ก,อ่อนโยนสำหรับเด็กค่ะ ลูกใช้แล้วไม่แพ้ค่ะ,-1,4
1352,227,,ดีค่ะ,-1,5
1353,227,Banana Boat Ultra Protect,รู้สึกกันแดดได้ดี ใช้เป็นประจำอยู่แล้วตัวนี้,-1,4
1354,227,,ตัวนี้กันแดดได้ดีม้ากกกก อ่อนโยนด้วยค่ะ,28,5
1355,227,,ปกติค่ะตัวนี้ not bad not good,-1,5
1356,227,,กันแดดได้ดี แต่แสบหน้ามากมายค่า,38,5
1357,227,,ป้องกันแสงแดดได้ดี,23,5
1358,227,,เฉยๆ อ่ะ เอาไปทาตัวแทนละ,45,3
1359,227,,ลองเอามาทาหน้าแล้วหน้าหมองแปลกๆ เลยยังไม่กล้าใช่,19,2
1360,227,,ใช้ดีนะๆ,-1,5
1361,227,,แสบหน้าแต่ไม่แพ้ให้ความรู้สึกถึงแอกกอฮอได้ดี,-1,5
1362,227,,ชอบค่ะไม่เหนียว,31,5
1363,227,,ดีมากค่ะ มีโปรบ่อยๆนะคะ,-1,5
1364,227,,รอแห้งแล้วไม่เหนียวดีค่ะ กลิ่นเหมือนรุ่นที่ทาตัวปกติ,22,5
1365,227,,ใช้ดี ไม่เหนียวเลย ซึมเร็ว,-1,5
1366,227,,หนืดมากไปนี้ดดดด,-1,3
1367,227,,เนื้อครีมซึบเร็ว ไม่เหนียวด้วยค่ะ,-1,5
1368,227,,ใช้แต่น้อยนะคะ  ทามากเกินจะรู้สึกแสบหน้านิดๆค่ะ,47,5
1369,227,,ใช้ต่อเนื่องมาตลอดหลายปี,46,5
1370,227,,กันแดดหน้าดีค่ะ,-1,5
1371,227,,โอเคมากค่ะ,-1,5
1372,227,,ตัวนี้ดีเลยครับ ออกหน้างานแดดร้อนๆ ไม่ดำเลยครับ ทาทั้งตัวเลย หมดแล้วจะซื้อใหม่,26,5
1373,227,,กันแดดดีมาก ไม่เหนียว,-1,5
1374,227,,คุ้มค่า ใช้ดี ไม่มัน,24,5
1375,227,,ทากันแดด ดีมากคะ เหมาะกับคนผิวแพ้ง่าย ไม่มีแอลกฮอร์ และ น้ำหอม เกลี่ยง่าย ไม่เนอะหนะ ชอบมากคะ,-1,5
1376,227,,กันแดดได้ดีมากๆเลยค่ะ,-1,5
1377,227,,ใช้ดีมาก,29,5
1378,227,,ใช้แล้ว กันแดดดีนะ,-1,5
1379,227,,ทำไมเราเห็นต่างกับคนอื่นอ่ะ เราใช้แล้วรู้สึกหน้ามันค่ะ ซึ่งปกติเราเป็นคนผิวธรรมดา รู้สึกเลยว่าหน้ามันขึ้น ปกติไม่ใช้ซับมันก็ต้องใช้  นี่สั่งซื้อบีโอเรมาลองใช้แทน เพราะไม่ชอบที่หน้ามันค่ะ,38,3
1380,227,,เป็นกันแดดยี่ห้อโปรด ยากที่จะปันใจให้ยี่ห้ออื่น กันแดดได้ดีที่สุดเท่าที่เคยใช้มา แต่กลิ่นไม่หอม ทายากหน่อย ๆ นะคะ ใช้บ่อย ๆ ก็ชินเอง,-1,5
1381,227,,เนื้อครีมไม่หนักหน้า ใช้ตอนเเรกรู้สึกเเสบนิดๆ คุมมันโอเค ปล.เป็นคนผิวผสมค่อนข้างมันค่ะ,23,5
1382,228,กันแดด,เหนียวไปหน่อย,32,5
1383,228,พอใช้,เหนียวไปหน่อย,39,5
1384,228,ดี,กันแดดที่ดีที่สุด ไป รด.แล้วเอาอยุ่ค่ะ,23,4
1385,228,แพคคู่คุ้มค่ามากค่ะ,กันแดดดีมาก ไปกระบี่ผิวไม่ไหม้ค่ะ,31,5
1386,228,,เหนียวไป,28,5
1387,228,,ใช้ดีมาก ช่วง 1 แถม 1 คุ้มมาก,28,5
1388,228,,1 แถม 1 คุ้มค่ามากๆเลยค่า SPF 110 เยอะเวอร์วัง เหนียวหน่อยแต่กันแดดดีมากๆค่ะ ออกแดดแรงไม่แสบผิวเลยค่า,-1,5
1389,228,,ตัวนี้ผ่าน  เอาอยู่,-1,5
1390,228,,กันแดดเทพ,-1,5
1391,228,,ทาลงน้ำได้เลยค่ะ,31,5
1392,228,,กันแดดดเทพสำหรับเราเลยตัวนี้ ถึงตัวครีมจะเหนียวมากก็เถอะ,23,5
1393,228,,ครีมกันแดดใช้ดีมาก คุ้มค่าสมราคา :),-1,5
1394,228,,ใช้ใช้ดีมาก กันแดดดี แต่เยิ้มไปนะ,31,5
1395,228,,โปรโมชั่นนี้คุ้มมากค่ะ กันแดดได้ดี แต่เหนียวไปหน่อยค่ะ,-1,5
1396,228,,ใช้กันนานเลยทีเด่ว,31,5
1397,228,,กันแดดอยู่ ทาง่าย ซึมเร็ว,30,5
1398,228,,ใช่ดีมากเลยค่ะ,30,5
1399,228,,กันแดดดีมากก,23,5
1400,228,,ใช้ดีเวลาออกแดด ผิวไม่ดำ แต่เนืื้อเหนียวไปนิดแต่ซึมเร็วดี,34,5
1401,228,,ของจัดส่งเร็วมากค่ะ :),-1,4
1402,228,,ค่อนข้างหนืด,32,5
1403,228,,ใช้ดีค่ะทาตอนแรกจะรู้สึกเหนียวๆ แต่สักพักจะซึมเข้าผิวค่ะ,-1,5
1404,228,,เหนียววว ไปนิด,-1,5
1405,228,,กันแดดได้ดีมาก ทาแล้วเหมือนเหนอะๆแต่สักพักก็ซึมค่ะ ใช้แต่ยี่ห้อนี้ค่ะกันแดด เพื่อนยังขอซื้อต่อเลยบอกว่าถูกมาก,-1,5
1406,228,,ใช้ดีมากๆ กันแสง uv ได้ดี,-1,5
1407,228,,เนื้อเหนอะ ต้องทาแป้งทับ ไม่สบายตัวมากๆ,21,2
1408,228,,เนื้อเหนอะ ต้องทาแป้งทับ ไม่สบายตัวมากๆ,21,2
1409,228,,ได้รับของเร็วมากค่ะ แพคอย่างดี,-1,5
1410,228,,ใช้ดีมากค่ะ,-1,5
1411,228,,ไม่เคยผิดหวังอยู่แล้ว คุ้มค่าคุ้มราคา คือแบบว่าเริ่ดอ่ะ,25,5
1412,228,,ได้รับของแพ็คมาอย่างดีค่ะ,-1,5
1413,228,,ได้ของเร็วดีคะ แพ็คมาแน่นหนามาก คุ้มสุดๆ,27,5
1414,228,,ถึงจะเหนียวไปหน่อย แต่ก้อกันแดด ได้โอเคเล้ยย,29,5
1415,228,,กันแดดดี แต่เหนียวมากก,38,2
1416,228,,ชอบกันแดดตัวนี้มากค่ะ,39,5
1417,228,,กันแดดได้ดี แต่แอบเหนียวนิด ๆ,29,5
1418,228,,ใช้ดีค่ะ,-1,5
1419,228,,ใช้ดีมากค่ะ ใช้มานาน,37,5
1420,228,,ทาแขนเวลาออกแดดป้องกันแสงแดดได้ดีพอควรคะ,46,3
1421,228,,ใช้ดีมากเลยค่าาาาาาาาาาา,20,5
1422,229,กันแดด,ดีค่ะ,-1,4
1423,229,,ใช้ดี,38,5
1424,229,,สินค้าแพคมาอย่างดี  ส่วนตัวเป็นคนผิวแพ้ง่ายมาก ทาได้ 2 ครั้ง ผื่นเต็มแบนคันคะเยอ ต้องยกให้คนอื่นไป,-1,5
1425,229,,ดีงาม,28,5
1426,229,,ใช้ดีมากค่ะ,34,5
1427,229,,ใช้ดีมากก ใช้ได้นาน ใช้ได้ทุกวัน เป็น much have item จริงๆ,-1,5
1428,229,,ใช้แล้วดี ติดใจค่ะ ยี่ห้อนี้ชื่นชอบหลายตัวเลย กันแดดดีมีคุณภาพ. ร้านส่งของไวแถมเเพคมาอย่างดี,37,5
1429,229,,ใช่ดีมากเลยค่ะ,30,5
1430,229,,ใช้ดีค่ะผิวไม่ไหม้ไม่เกรียม,-1,5
1431,229,,กันแดดดีมากไปทะเลมาไม่ดำเลย เยี่ยมๆๆ,-1,5
1432,229,,กลิ่นแรงไปหน่อยค่ะ,36,5
1433,229,,ปกป้องดีค่ะ ไม่เหม็นไม่เหนอะมาก เอสพีเอฟเยอะด้วยค่ะ คุ้ม,21,5
1434,229,,ปกติใช้ตัวนี้อยู่แล้ว ยิ่งมีหนึ่งแถมหนึ่งยิ่งชอบ กันแดดได้่สุดยอดมาก,-1,3
1435,229,,ได้รับสินค้าแล้วครับ,28,5
1436,229,,ดี ถูกกกกกกกกกก,-1,5
1437,229,,ชอบมากค่ะ กันแดดดี จัดรายการอีกเมื่อไหร่ไม่พลาดแน่นอนค่ะ,42,5
1438,229,,กลิ่นหอมมากค่ะ ชอบบ ไม่เหนียวเกินไป,30,5
1439,229,,ใช้ดี ไม่เหนืยว,28,5
1440,229,,ราคานี้คุ้ม  1 แถม 1 ด้วย,-1,5
1441,229,,ไม่เหนียวเหอะหนะอย่างที่คิด,30,5
1442,229,,ชอบมากค่ะ,22,5
1443,229,,กันแดดดีมาก ไม่แสบผิวไม่แพ้ด้วย,42,5
1444,229,,เหนอะไปนี๊สสส,33,3
1445,229,,ใช้ดีค่ะ,-1,5
1446,229,,ดีเยี่ยมค่ะ ไมี่เหนียวเนอะหนะ,38,5
1447,229,,เนื้อครีมทาง่าย ไม่เหนียวเหนอะหนะ กลิ่นหอมดี,22,4
1448,229,,โอเคค่ะ แต่ค่อนข้างเหนอะ,-1,4
1449,229,,กันแดดดี แต่ต้องทาบางๆ ถ้าทาหนาจะเป็นคราบ,38,4
1450,229,,ทาง่ายค่ะแต่ก็ยังเหนอะๆหน่อยแต่ก็ทาง่ายกว่ากันแดดตัวอื่นเลย แล้วก็ระวังแพ้ค่ะ เราคนนึงที่แพ้ ไม่ใช่ไม่ดีนะคะ แต่ว่าแพ้สารบางอย่างที่อยู่ในครีมเฉยๆ พอทาแล้วมีเหงื่อออกจะมีผื่นแดงขึ้น ใครที่แพ้ง่ายๆก็ลองศึกษาส่วนผสมดูก่อนนะคะ,-1,5
1451,229,,กันแดดดีค่ะ ไม่ค่อยเหนียวมาก,28,4
1452,229,,ใช้ดีค่ะ เนื้อครีมทาแล้วแอบหนืดๆหน่อย แต่ก็ทนได้ค่ะ,37,5
1453,229,,แพ้ค่ะผดขึ้นเต็มหน้าเลย,48,5
1454,229,,ซื้อ 1 แถม 1 ประหยัดสุดๆ,31,5
1455,229,,ใช้ดีค่ะ ไม่เหนอะ,34,4
1456,229,,กันแดดได้ดีเยี่ยมเลยค่ะ ส่งสินค้าไวมากๆๆ แพคของได้ดีเยี่ยมมีซองกันกระแทก แจ๋วจริงค่ะ,-1,1
1457,229,,ปลื้มากคะ กันแดดที่ดีมาก ชอบบสุดจิต,33,5
1458,229,,กันแดดดีอยู่แล้ว แต่เหนอะๆอ้ะ,19,3
1459,229,,ใช้เป็นหลอดที่สองแล้วค่ะ ตัวนี้ก็โอเคมากกกกกกก ใช้แล้วออกแดดไปเรียนได้อย่างมั่นใจ ไม่กลัวผิวไหม้ ประสิทธิภาพดีมาก ถึงมากที่สุด เนื้อครีมซึมไวดีค่ะ,23,5
1460,229,,ใช้ดี ไม่เหนียวมากเท่าสีส้ม  ฃ,21,5
1461,229,,กลิ่นหอมมาก เหมือนดอกไม้ไทย ๆ เหนียวนิดหน่อย ทนได้ค่ะ หมดแล้วซื้อต่อแน่นอนค่ะ,34,4
1462,230,,เป็นแบบ spray ใช้งานง่ายดีค่ะ,-1,4
1463,230,,G,25,5
1464,230,,ไม่ค่อยชอบค่ะ เหนียวเหนอะหนะไปหน่อย แต่ใช้ง่ายพกพาสะดวก,21,3
1465,230,,เคยใช้แบบเนื้อครีม SPF 110 แล้วรู้สึกทายากมาก แต่พอเป็นแบบสเปรย์ใช้ง่ายกว่า ถึง SPF จะเยอะแต่ไม่เหนียวเหนาะหนะ,33,4
1466,230,,ใช้ง่ายไม่เหนอะหนะ,-1,5
1467,230,,ใช้สะดวกแอบเหนียวนิดนึง,36,3
1468,230,,ไม่เหนียวเลย,22,5
1469,230,,คุ้มมากเลยคะ,30,5
1470,230,,ใส่ง่าย ไม่เหนียวแนะน่ะ เอาแดดบ้านเราอยู่เลยค่ะ,36,5
1471,230,,แพ๊คของมาดีมากค่ะ สเปรย์ตัวนี้ก็ใช้ดีมาก,29,5
1472,230,,ใช้ง่ายสะดวก เย็นผิว,42,4
1473,230,,มช้แล้วแบบเสปรยก็สะดวกดี กลิ่นฉุนนิดหน่อย,23,5
1474,230,,สบายผิว ไม่เหนียวหนืดค่ะ สัมผัสคล้าย oil spray,31,5
1475,230,,ใช้ดีมาบอกตรง เสียดายไม่มีขายแล้ว Y^Y,26,5
1476,230,,ไม่เหนียวเหนอะหนะ ใช้แล้วไม่ดำขึ้นด้วยค่ะ แต่ต้องสเปรย์บ่อยหน่อย,-1,4
1477,230,,ใช้ง่ายมากๆเลยค่ะ,23,5
1478,230,,จัดส่งยังค่ะ ทำไมไม่มีรหัส ems,-1,5
1479,230,,ได้รับของเร็วมาก ค่ะ,-1,5
1480,231,,เหนียวไปนิดสำหรับสูตรนี้,39,3
1481,231,,เหนียวำปหน่อยค่ะ แต่เพราะมันธรรมชาติ100%มั้งคะ แต่ใช้เเล้วไม่มีอาการแพ้เลยค่ะ ใช้กับเด็ก 9 เดือนไปทะเล ไม่แพ้ค่ะ,-1,0
1482,231,,เหมาะกะผิวแพ้ง่ายดี,-1,5
1483,231,,ใช้ดี ทาแล้วไม่เป็นเม็ด เด็กไม่แพ้,37,3
1484,231,,ได้รับสินค้าไวมากเลยค่ะ แพ็คเกตดีมากเลย ครีมกันแดดใช้ดีนะ แต่เนื้อครีมเหนียวๆ,-1,5
1485,231,,ซื้อ1แถม1 คุ้มจริงๆ,-1,5
1486,231,,เนื้อไม่เหนียว กันแดดได้ดี,33,5
1487,231,,คุ้มมากคะ 1 แถม 1 ใช้ได้นาน ปลื้มสุดๆ ส่งไวแพคของดี,25,5
1488,231,,กรี๊ดมากค่ะ สินค้าร้านนี้ แพคเกจดีเริศ ตบเซอร์ไพรส์ด้วยของแถม ตัวสินค้าที่ได้มานี่โดนใจสุดๆ รักเลยย,-1,5
1489,231,,banana boat natural reflect baby ตัวนี้กันแดด กันน้ำดีจริง แต่เวลาทาจะออกหนืดๆ และสีค่อนข้างขาวไปนิดค่ะ,-1,5
1490,231,,ได้รับสินค้าแล้วค่ะ ขอบคุณมาก รวดเร็วเหมือนเดิม ^_^,-1,5
1491,233,,เหนียวเหนอะตามสไตล์กันแดด แต่ใช้สะดวกดี กันแดดดี  ตากแดดแล้วผิดไม่คล้ำ,-1,4
1492,233,,Oni Brush ใช่ดีมากค่ะขนแปลงนุ่มๆ ล้างหน้าสะอาดดีค่ะ ยิ่งใช่คู่กับ Shiseido Perfect whip foam ด้วยแล้ว ทำให้หน้าใสขึ้นไปอีกค่ะ 2 ตัวนี้เวิร์คมากๆค่ะ,25,5
1493,233,,อาหารเสริมทานง่ายรอดูผลคะเพิ่งทานได้สองวัน กันแดดหอมมาก ประทับใจมากๆคะ,-1,5
1494,234,,ดีค่า,38,5
1495,234,,ใช้ดีแต่ ไม่ใช้ก้ได้อะ,28,5
1496,234,,รู้สึกว่าหลังซื้อสเปรย์ตัวนี้มาทำให้การฉีดสเปรย์ครีมกันแดดเป็นเรื่องที่ง่ายขึ้นค่ะไม่ยุ่งยาก,22,5
1497,234,,กันแดดดีมากก แต่มันไปหน่อย,-1,5
1498,234,,กันแดดดีฝุดๆๆๆ,28,5
1499,234,,ใช้ง่าย เหมาะสำหรับคนขี้เกียจทา และไม่ชอบเนื้อครีมเหนียวๆ,-1,5
1500,234,,ซึมเข้าสู่ผิวง่ายมาก รู้สึกว่าทาครีมกันแดดเหมือนไม่ได้ทา รักเลยค่ะ,23,5
1501,234,,สะดวกใช้ กลิ่นหอม กันแดดดียุแล้ว,24,5
1502,234,,กันแดดดีจริงคอนเฟิร์ม รอสอยเพิ่ม,-1,5
1503,234,,ใช้สะดวกมากเลยค่ะ แต่แอบเหนอะนิดหน่อย,-1,5
1504,234,,กลิ่นหหอมสดชื่นดี ฉีดเเล้วรู้สึกเหมือนมันเคลือบผิวเราทันทีเลย สะดวกดีค่ะ ไม่ต้องมานั่งทา,-1,5
1505,234,,สะดวกใช้คะ,24,3
1506,234,,ปกติใช้อยู่แล้วค่ะ แต่ที่นี่ลดเยอะเลยมาซื้อที่นี่ค่ะ,38,5
1507,236,,ดีค่ะ,38,5
1508,236,,ดีคะ,-1,5
1509,236,,เย็นสดชื่นดีคะ,-1,5
1510,236,,แช่เย็นแล้วทารู้สึกสบายผิวดี,27,5
1511,236,,ทาหลังออกแดด รู้สึกสบายผิวมากก,30,5
1512,236,,ชอบค่ะ เอาไว้ทาตัวหลังจากออกแดด รู้สึกคุ้มดี เอามาทาตัวได้อย่างไม่เสียดาย,21,5
1513,236,,ใช้ดี  ซึมซาบผิวเร็วดี,-1,5
1514,236,,ใช้หลังออกแดด ทาหลังแวกขนก็ดีค่ะ,-1,5
1515,236,,ทาแล้วเย็นผิวดี ทาแล้วผิวนุ้มมมมนุ่ม,24,5
1516,236,,ใช้แล้วเย็นสดชื่นดีค่ะ ช่วยลดอาการแสบร้อนของผิวหลังจากโดนแดดได้ดี,27,5
1517,236,,ชอบค่ะเย็นสดชื่น รู้สึกผิวชุ่มชื่นขึ้นหลังจากโดดแดดค่ะ,24,5
1518,236,,ทาแล้วเย็นผิวดีคะ,36,4
1519,236,,ผิวชุ่มชื้นดีมากค่ะ แห้งเร็วด้วย,27,5
1520,236,,กลิ่นหอมอ่อนๆ เหมือนกลิ่นขนมถ้วยฟู  ใช้แล้วดีมาก ซึมเร็ว ไม่เหนอะผิว,54,4
1521,236,,กลิ่นหอม ใช้แล้วรู้สึกสบายตัว ไม่แพ้ด้วยค่ั,-1,5
1522,236,,เคยใช้แล้วชอบมากๆ เห็นที่นี่สั่งซื้อเลยค่ะ ผิวไหม้ผิวแห้งใช้ดีมากค่ะ,29,5
1523,237,,งั้นๆอ่ะ เหมาะกับผิวแพ้ง่าย เราเฉยๆอ่ะ,28,5
1524,237,,เนื้อครีมไม่หนืดมาก ทาตอนแรกเหมือนจะวอก แต่ทิ้้งไว้ซักพักก้กลืนกับผิวดีค่ะ,23,4
1525,237,,กันแดดดีไม่เหนียวด้วย,-1,5
1526,237,,ใช้ดีมากเลยคะ,25,5
1527,237,,ใข้แล้วไม่แสบ แต่แอบหนืด,-1,5
1528,237,,ไม่เหนียว หน้าไมา่อกค่ะ,34,5
1529,238,,เริ่ดมาก,31,5
1530,238,,เป็นกันแดดที่ดี,-1,5
1531,238,,ได้ของเร็วมากๆ ค่ะ กันแดด ดีมากค่ะ,27,4
1532,238,,ตัวนี้สั่งให้เพื่อนค่ะ ใช้ดีจึงแนะนำเพื่อนต่อ ^^ใช้แล้วไม่เหนียวเนอะนะกันน้ำด้วย หมดแล้วซื้อต่อแน่นอนค่ะ,31,5
1533,238,,ใช้ดีค่ะ ซื้อมาใช้ตอนไปเที่ยวภูเก็ต ไม่เหนียวเนอะนะ แล้วกลับมาจากภูเก็ตก็รู้สึกคล้ำลงนิดหน่อยแค่นั้นเอง พอใจค่ะ,31,5
1534,238,,ใช้หมดแล้ว และจะซื้อต่อๆไปคะ,21,4
1535,238,,กันแดดดีเวอร์ ชอบบบบ,25,2
1536,238,,กันแดดไดดีค่ะ,23,5
1537,238,,กันแดดดีมาก อาจจะรู้สึกเหนียวนิดหน่อย ต้องตบแป้งฝุ่นเพิ่ม แต่ว่าไม่มีดำขึ้นหรือเป็นรอยเสื้อเลย,22,5
1538,238,,กันแดดดีระดับนึง เล่นน้ำทะเลตั้งแต่11โมงถึงบ่าย2 ดำนิดหน่อยดีนะได้กันแดดช่วย ทาหลายรอบเหมือนกัน แต่ก้ดำอยุแล่นเป็น่ชัวโมงๆขนาดนี้,27,3
1539,238,,เนื้อครีมค่อนข้างเหนียว  ไม่เหมือน banana boat รุ่นใหม่ที่มีไม่ค่อยเหนียว,-1,5
1540,238,,ไม่เหนียวเหนอะ ชอบค่ะ รักแล้วรักเลย ตัวนี้,22,5
1541,238,,เนื้อครีมดีมาก  แต่กลิ่นไม่ค่อยโอเท่าไหร่,19,5
1542,238,,ตัวเดียวเอาอยู่แดดประเทศไทยต้องเจอตัวนี้ ไม่คิดเปลี่ยนใจไปใช้ยี่ห้ออื่นเลย ยิ่งจัดโปรคุ้มฝุดๆ,24,5
1543,238,,ไม่เหนียวเหนอะหนะค่ะ,-1,5
1544,238,,เหนอะไปนิด แต่กันแดดได้ดีสุดๆ,26,5
1545,238,,กันแดดบานาน่าโบ๊ท : ซึมซาบเร็วมาก ไม่เหนียวเหนอะหนะ บีบีเวลคอส : มีกลิ่นหอมอ่อนๆ เกลี่ยง่าย เกลี่ยมั่วๆก้เนียน 5555555 เนื้อบางเบา ใสๆเหมือนไม่แต่งหน้าเลยค่ะ ขอชื่นชมด้านการจัดส่งสินค้าค่ะ ได้รับของไวมาก <3,22,5
1546,239,,กันแดดได้ดีคะ แต่กลิ่นแรงไปหน่อย,33,5
1547,239,,ชอบมากค่ะ ไม่เหนียวเหนอะหนะ,38,5
1548,239,,ใช้ดีเ ไม่แพ้,-1,5
1549,239,,ลูกชายใช้ดีมาก ไม่เนอะ ชอบมากคะ,34,5
1550,239,,ส่งของไว ราคาถูก สำหรับลูกโดยเฉพาะ,38,5
1551,239,,สั่งให้คุณลูกค่ะ,39,5
1552,239,,คุณลูกโปรดปราน คุณแม่ถูกใจ แดดแรงแค่ไหนก็ไม่หวั่น,36,1
1553,240,,ขนาดนี้ คุ้มสุดแล้ว,24,4
