1554,240,ใช้ดี ไม่เหนียวเนอะหนะ,ใช้ดี ไม่เหนียวเนอะหนะ,29,5
1555,240,หอมดี,หอมดี ซึมเร็ว,26,5
1556,240,ใช้ดี,เปนกันแดดที่ดี,-1,5
1557,240,ใช้ดีมากก,กันแดด ดีมาก ไม่เหนียว เลิฟสุด,-1,5
1558,240,ซึมซาบเร็ว,ซึมซาบเร็วดี  ไม่เหนียวเหนอะหนะ ชอบค่ะ,-1,5
1559,240,ใช้แล้วผิวแห้งไปหน่อย,กลิ่นหอมอ่อน ๆ,37,5
1560,240,ใช้ดีมาก,ซึมง่าย ใช้ดีค่ะ,-1,5
1561,240,เนื้อครีมละเอียด,หอมอ่อนๆ,32,5
1562,240,หลังใช้,หอม  ซึมไว ทาง่าย  ไม่เหนียว  ทุกวันนี้ก้ยังใช่อยู๋,-1,5
1563,240,ชอบ,ดีมาก กลิ่นหอม ทาแล้วรู้สึกขาว ไม่แห้ง ซับไวหน่อย กันแดดก็ค่อนข้างดี หลอดสองแล้ว,-1,5
1564,240,Biore UV Anti-Pollution Body Care Serum Intensive White SPF5,ใช้ดี ไม่เหนียว,35,5
1565,240,ทดลอง,ใช้แล้วโอเคนะคะ ใช้แล้วครีมไม่เหนียว,-1,5
1566,240,ชอบ,ทาแล้วไม่เหนอะหนะ ชอบค่ะ กันแดดได้ระดับนึง,-1,5
1567,240,หลอดที่เท่าไหร่ไม่รู้,รู้แต่ว่าใช้แล้วคนทักว่าทำไมขาวขึ้น ก็คงเพราะทานี่ทุกวันอ่ะ,-1,5
1568,240,ใช้ซ้ำ,เป็นกันแดดที่ชอบมากตอนนี้ค่ะ,21,4
1569,240,กันแดดผิวขาว,ใชัดีสุดๆ ชอบมาก,42,5
1570,240,ใช้ดีนะ,ใช้ดี ไม่เหนียวเหนอะดี,-1,5
1571,240,กันแดด,ป้องกันดีจริงๆ,-1,5
1572,240,หลอดที่เท่าไหร่ไม่ได้นับ,คือเราใช้ดีจนไม่กล้าเปลี่ยนไปอย่างอื่นอ่า,-1,5
1573,240,ใช้มาตลอด,สั่งมาหลายหลอดแล้วค่ะชอบมาก เลิกใช้บานาน่าเลย ตัวนี้เคยออกแดดจัดๆไม่ทำให้ผิวแดงและคล้ำลงเลย ตั้งแต่นั้นก็ใช้มาตลอดค่ะ,-1,5
1574,240,รีวิว,ซึมไวค่ะ ไม่ทิ้งคราบ เวลาใส่ชุด นศ. อาจทิ้งคราบเหลืองที่ขอบแขนเสื้อ ถ้าทาก็ระวังด้วยนะคะ,-1,5
1575,240,รีวิว,ชอบอ่ะ ดีเกินราคา,-1,4
1576,240,ดีในราคาเอื้อมถึง,ไม่ต้องพูดเยอะหลายหลอดล่ะ ราคาแบบทาได้ทุกวัน ดีซึมเร็วผิวสว่างหลังทาขึ้นมานิดนึง กันแดดได้ดี แบบใช้ชีวิตประจำวันธรรมดา ไปทะเลหรือแดดจัดมากต้องซ้ำนะคะ,33,5
1577,240,,ซึมง่าย ไม่เหนียว เหมือนผสมบีบี,25,4
1578,240,ใช้ดีค่ะ,ซื้อซ้ำหลายรอบแล้วค่ะ เกลี่ยง่ายดีค่ะ,-1,5
1579,240,,เราว่าตัวนี้มันผสมบีบีนะ พอแล้วผิวขาวขึ้นทันที แต่พอล้างออกก็เหมือนเดิม เรื่องกันแดดก็ไม่ค่อยกันนะคะ เราใช้แค่1 เดือนล่ะเจอคนรู้จักอีกทีเขาทักว่าดำขึ้น ทั้งๆที่เราใช้ชีวิตประจำวันเหมือนเดิม,24,5
1580,240,,ใช้ดี,22,4
1581,240,,เกลี่ยง่าย กลิ่นหอม,-1,5
1582,240,,ซื้อซ้ำค่ะ,34,5
1583,240,,ใช้แล้ว รู้สึกว่าเนื้อครีมเคลือบผิวให้ดูอมชมพูดี,-1,5
1584,240,,ใช้ดีค่ะ ไม่เหนียวเนอะหนะ,27,5
1585,240,,ไม่เหนียวเหนอะหนะ,22,4
1586,240,,ซึมซาบเร็ว ไม่เหนียว แต่บางครั้งขึ้นคราบขาวไปนิด,-1,4
1587,240,,โดยรวมดีค่ะ ใช้แล้วไม่เหนียวเหนอะหนะ ใช้ได้สักพักรู้สึกขาวขึ้นนิดนุง 5555 แต่.. กลิ่นน้ำหอมแรงไปนิด ทาทีเพื่อนรู้เลยว่าทากันแดดตัวนี้มา,1,5
1588,240,,ซึมง่าย ไม่เหนียวเหนอะหนะ,27,3
1589,240,,ขาวขึ้นหรือล้างไม่ออกก็ไม่รู้ค่ะ แต่ส่วนตัวชอบนะ กลิ่นหอม ไม่เหนียวเหนอะหนะ  ปล.รู้สึกขนยาวขึ้นนะคะ,-1,4
1590,240,,เนื้้อละเอียดซึมเร็ว ไม่เหนอะหนะ ชอบๆๆ,-1,5
1591,240,,ใช้ดีค่ะ ไม่เหนียวเหนอะหนะ,28,5
1592,240,,ดีมาก,20,5
1593,240,,เฉยๆนะ ต้องมาเกลี่ยดีๆ กลิ่นไม่แย่ เนื้อเบา,21,4
1594,241,บีโอเร,ใช้ดีมากค่ะ,-1,5
1595,241,ใช้ดีคะ,ซื้อใช้ประจำเลย ใช้แล้วโอเคกว่าตัวชาร์โคลสีดำ,20,4
1596,241,ใช้ประจำ ลอกง่าย,ตัวนี้ใช้ประจำมาหลายปีแล้ว สั่งกับคอนวี่สะดวกดี ขี้เกียจไปซื้อเอง 55,41,5
1597,242,,ถูกใจมากกก คือโจทย์ที่สุดสำหรับทุกยี่ห้อ ทุกแบบที่ใช้มา ไม่ต้องออกแรง ไม่ต้องเสียเวลา ไม่ต้องเซงเหมือนบางยี่ห้อที่เคลมมาดิบดีว่าล้างออกง่าย แต่เช็ดจนตาจะขึ้นรอยก็ยังเช็ดออกไม่หมด,-1,5
1598,242,biore perfect cleansing water,ชอบ ขวดสามละ สะอาด ที่สำคัญ ไม่สิว,-1,5
1599,242,ล้างเครื่องสำอางสะอาดดีค่ะ,ล้างเครื่องสำอางสะอาดดีค่ะ,21,5
1600,242,,ล้างหน้าสะอาดดีคะ,-1,5
1601,242,,เช็ดแปบเดียวก็สะอาดเเล้วค่ะ,28,5
1602,242,,ใช้ดีค่ะ,-1,5
1603,242,,ดีจริง ไม่ต้องลงแรงเช็ดก็ออก เหมาะกันคนหน้ามันๆอย่างเรา,-1,5
1604,242,,Good,26,5
1605,242,,ล้างหน้าสะอาดมากล้างได้ทั้งตาทั้งหน้า,21,5
1606,242,,ใช่้ดีมากเลยค่ะ ชอบชอบ,-1,5
1607,242,,ใช้ดีค่ะ,-1,5
1608,243,.,ใช้ดีค่ะ,35,5
1609,244,ดี,ล้างหน้าสะอาดนุ่มคะ,30,5
1610,244,,Fruit of the earth ไม่มีมาแล้วหรอคะ รอมานานมาก T_T,30,5
1611,244,,ใช้ดีค่ะ,60,4
1612,244,,หน้าชุ่มชื่น ไม่แห้ง ชอบคะ,30,5
1613,244,,ล้างหน้าสะอาดดี หลอดใหญ่ใช้ได้นาน,35,5
1614,244,,ไม่ต้องใช้รีมูฟเวอร์ ขั้นตอนเดียวอยู่,39,5
1615,245,,ใช้ดี เช็คเกลี้ยง,-1,5
1616,246,,ซึมเร็ว,32,5
1617,246,,กันแดดดีซึมเร็ว,-1,5
1618,246,,ลองก่อนเเล้วจะมาบอกนะ,34,5
1619,246,,good,40,5
1620,246,,ชอบมากค่ะเนื้อครีม BB ไม่ต้องใช้รองพื้น ทาครีมกันแดดแล้ว สามารถทาแป้งทับได้เลย,-1,5
1621,246,,Biore ดีทุกรุ่น  ลองใช้รุ่นนี้บ้าง,36,4
1622,247,เฉยๆไม่เห็นผลอะไร,เฉยๆไม่เห็นผลอะไร,27,3
1623,247,,โฟมเนื้อละเอียด ล้างแล้วหน้านุ่มมาก ชอบค่ะ,38,5
1624,247,,ดีนะ,-1,5
1625,247,,เห็นมีคนบอกดีเลยลองดูคะ,-1,5
1626,247,,ฟองหน้านุ่มมากค่ะ,33,5
1627,248,ต้องผิวแห้งถึงจะเหมาะ,สรุปแล้วว่าใช้กับตัวดีกว่า กับหน้าจะไม่คุมมัน,-1,4
1628,248,เนื้อครีมไม่เหนียวดีคะ,เนื้อครีมไม่เหนียวดีคะ,-1,5
1629,248,ดี,ซึมเร็ว ไม่เหนียวหน้า,-1,5
1630,248,,ซึมซาบดีมาก ส่วนตัวแล้วรู้สึกกลิ่นมันแปลกๆ แต่ก็ถือว่าโอเคอยู่,21,4
1631,248,,งง ตัวเอง ซื้อมาได้ไง เยอะแล้วนะ มารีวิวจึงรู้ว่า เคยซื้อมาด้วย555,39,5
1632,248,,ทาอยู่บ้านพอได้ค่ะ,29,5
1633,248,,ไม่เหนียวเลยค่ะ ดีมาก,32,5
1634,248,,เนื้อครีมจะเป็นน้ำ เนื้อนิ่ม  ทาแล้วไม่เหนียวหน้า ไม่มีกลิ่น แห้งเร็วค่ะ ไม่แพงและปริมาณคุ้มค่า โอเคเลย,-1,5
1635,248,,ใช้แล้วโอเคเลย ดีมากค่ะ,44,5
1636,250,,ซื้อครั้งแรก แพ็คสินค้าแน่นหนาดี แต่ส่งช้ามากเกือบอาทิตย์กว่าจะได้ของ,24,4
1637,251,ของดี ราคาถูกอีกแล้ว,เมื่อก่อนเคยมองข้ามเพราะคิดว่าเป็นแบรนด์ ทั่วไป แต่คุณภาพคับแก้วมากๆ ของcounter brand บางตัวยังดีไม่เท่าไร บางเบาในราคาเบาๆ,43,5
1638,251,Biore,ใช้ดีมาก ไม่มัน,34,5
1639,251,กันแดด,ชอบค่ะ ใช้มาหลายหลอดแล้ว,22,4
1640,251,กันแดดดี ทาง่าย หน้าไม่มัน,กันแดดดี ทาง่าย หน้าไม่มัน,30,5
1641,251,,เดี๋ยวขอไปลองดูก่อน แต่ใช้หลอดสีฟ้าอยู่ ลองเปลี่ยนมาเป็นแบบมี whitening,-1,5
1642,251,,หลอดที่2ละคะ,22,5
1643,251,,ไม่เหนอะหนะ,-1,5
1644,251,,ป้องกันเเดดได้ดี พร้อมบำรุง ซึมเร็ว ไม่เหนียวเหนอะหนะ,29,5
1645,251,,ชอบบบสุดละ,29,5
1646,251,,ใช้ดีค่ะ,34,5
1647,251,,กลิ่นแอลกอฮอร์ไม่ค่อยแรงเหมือนสีฟ้า รู้สึกดีค่ะ แอบเซงนิดๆ ใน drug store บางที่ถูกกว่า,29,5
1648,251,,ลองใช้แล้ว 1 วัน ทาแล้วแห้งเร็วดีคะ (ผิวมัน),32,5
1649,252,เยี่ยม,Good,25,5
1650,252,ปกติ,ลอกไม่ค่อยออก,-1,1
1651,252,หมดปัญหา สิวเสี้ยน,ให้ลูกสาวใช้ค่ะ ลอกสิวเสี้ยนได้ง่ายมาก,46,5
1652,252,,ดีค่ะ,-1,4
1653,253,เนื้อครีมอุ่นไป,เนื้อครีมอุ่นดีคะ เหมาะฤดูร้อน,-1,5
1654,253,,เนื้อเจลอุ่นๆ ไม่ถึงกับร้อน สบายหน้าดี,33,5
1655,254,ไม่โอนโยนมากนะคะ ถ้าเป็นผิวแพ้ง่าย,ลองใช้ดูซักพักแล้วแสบหน้า คิดว่ามี alcohol ผสมอยู่เยอะ ถ้าเป็นคนที่แพ้ง่ายอาจจะไม่เหมาะนะคะ,-1,3
1656,254,รีวิว,ดี,24,5
1657,254,เบาบาง ใสๆ,เบาบาง ใสๆ แต่กันแดดได้ดี,47,5
1658,254,กันแดด,แนะนำตัวนี้เลย,30,5
1659,254,ครีมกันแดด,ซึมไว ไม่ทำให้มัน เนื้อบางเบา แต่ถ้าแดดแรงมากๆก้เอาไม่อยู่,31,4
1660,254,ซึมซาบเร็ว,ซึมซาบเร็ว ไม่เหนียว กันน้ำได้ค่ะ,45,5
1661,254,แพคคู่ Biore UV Aqua Rich Watery Essence SPF50+,กลิ่นแอลแรงมากใช้ดีซึมเร็วสารถมาทาทับระหว่างวันได้,18,4
1662,254,รีวิว,ค่อนข้างมันและเหนอะหนะค่ะ ใช้แล้วหน้าแอบมีสิวขึ้นนิดหน่อยแต่ไม่มาก,-1,4
1663,254,#กันแดด,พกพาสะดวก,-1,5
1664,254,ชอบค่ะ,ซึมเร็วดีค่ะ,-1,5
1665,254,รีวิว,ส่วนตัวชอบค่ะ ซึมซาบเร็ว ไม่เหนอะหน้า,28,4
1666,254,ดี,ชอบทาแล้วไม่เหนียว  กันแดดก็ถือว่าดี,-1,5
1667,254,ดีค่ะ ใช้แล้วไม่เหนียว,จัดส่งดี กล่องน่ารัก,30,4
1668,254,biore uv aqua,บางเบาสุดๆ ใช้ดีมากๆ,24,5
1669,254,ใช้ดีค่ะ,ดีงามมากค่ะ,25,5
1670,254,Biore UV Aqua Rich Watery Essence SPF50+/PA++++,ดีค่ะ ชอบมาก แห้งไว,26,5
1671,254,ดี,ดี,-1,5
1672,254,ดีค่ะ,ซึมเร็ว ชอบมาก ไม่เหนียว,28,5
1673,254,ใช้แล้วแพ้,แพ้ค่ะ ผื่นขึ้น เสียดายมากเหลือบาน TT,30,5
1674,254,รีวิว,กันแดดได้ดีพอสมควร ทาทับคสอ.ได้ไม่เป็นคราบค่ะ,29,5
1675,254,ครีมกันแดด,เนื้อครีมบางซึมเร็ว หน้าไม่มัน,-1,4
1676,254,ใช้ดีค่ะ,ใช้ดีค่ะ,28,5
1677,254,Biore uv aqua rich,ใช้มาหลายหลอดเเล้ว ดีมากเลยค่า ซึมเร็ว ไม่เนอะนะ,-1,5
1678,254,ชอบมาก,เป็นกันแดดที่ชอบที่สุด หน้าชุ่มชื่น ไม่มัน ทาทับเมคอัพได้,34,5
1679,254,กันแดด,คุ้มค่า ใช้ดี,42,5
1680,254,ดี,ดีประมาณนึง ไม่ค่อยได้ใช้เท่าไหร่,39,4
1681,254,กันแดด,ทาทับเมคอัพได้,27,5
1682,254,รีวิว,ซึมเร็วดีค่ะ ไม่เหนียวเหนอะหนะ,-1,5
1683,254,ทาแล้วสดชื่น,บางเบาและไม่มัน ผิวหน้าชุ่มชื้น,-1,5
1684,254,คุ้มค่า,ได้ตั้งสองอัน คุ้มค่าดีค่ะ,-1,4
1685,254,ดีค่ะ,ใช้ดี หน้าไม่ค่ออยมัน ลดการเกิดสิวได้ด้วย,28,5
1686,254,ใช้ดีค่ะ,เคยใช้มานานแล้ว ช่วงหลังๆเปลี่ยนใช้อย่างอื่นดูแต่ก็ต้องกลับมาซบตัวนี้เหมือนเดิม,24,5
1687,254,Biore UV Aqua Rich Watery Essence SPF50+/PA++,ตัวนี้ชอบมาก ใช้มานานแล้ว เนื้อครีมบาง ซึมเร็ว ไม่เหนียว ไม่มัน เลิฟฝุดๆ,-1,5
1688,254,โลชั่นกันแดด,ซึมเข้าผิวเร็วไม่เหนอะหนะ,30,4
1689,254,biore uv aqua,ใช้ ดีมากค่ะซึมซาบเร็ว ไม่ เหนียวเหนอะ ชอบมากๆ สั่งหลายรอบแล้ว,-1,5
1690,254,สุดยอดกันแดด,ใช้ดีซึมซาบเร็วไม่เหนียว คุ้มมากๆ1แถม1,-1,5
1691,254,กันแดด,ใช้ดีซึมซาบเร็ว ชอบค่ะ สั่งต่อแน่นอน,-1,4
1692,254,GOOD,ซึมเข้าผิวไวดีีค่ะ,21,5
1693,254,ไม่ควรพลาด,ใช้มาตลอด หมดไปสองหลอดใหญ่แล้วค่ะ ใช้ดีจริง บางเบา หน้ามันอย่างเราก็ใช้ได้ ควรไปซื้อมาใช้กันค่ะ,26,5
1694,254,...,ขนาดเหมาะสมกับราคา ยังไม่เคยใช้ ขอลองก่อนละกัน,-1,4
1695,255,,กันแดดบีโอเรตัวนี้เหมาะกับคนหน้ามันนะ มันเป็นเนื้อน้ำผิวไม่มันมาก ซึมเร็วดีด้วย,-1,5
1696,255,ที่สุด,ที่สุดของกันแดดล่ะม้าง ดีเริ่ดๆ,32,5
1697,255,ฺBiore UV Aqua Rich,ซึบไว ใช้ดีค่ะ แต่ขนาดเล็กไปนิดนึง,24,4
1698,255,Biore UV Aqua Rich Watery Essence,ทาแล้วแห้งเร็ว เรื่องกันแดดยังไม่ค่อยเหนผล แต่หน้าไม่ค่อยมัน คนที่แพ้แอลกอฮอควรเลี่ยง เพราะกลิ่นนี้มาเลย,26,5
1699,255,,ตัวนี้ใช้มาตลอด และคงซื้อต่อด้วยชอบมาก,21,5
1700,255,ฺBiore UV Aqua,ใช้ดีค่ะ ซึมซาบเร็วไม่เหนอะหน่ะ และไม่แพ้ค่ะ,27,5
1701,255,,ใช้ดีหน้าไม่มัน,35,5
1702,255,,ส่งสินค้ารวดเร็วค่ะ,30,5
1703,255,,คุ้มค่า,-1,5
1704,255,,คุ้ม,-1,5
1705,255,,หลอดเล็กนิดสเดียวเอง แต่ใช้ดีอยู่,-1,3
1706,255,,บางเบา ไม่เป็นคราบ เหมาะกับคนผิวเเพ้ง่ายสุดๆ,-1,5
1707,255,,ใช้แล้วหน้าไม่มัน ผิวครีมบางเบา,-1,5
1708,255,,แห้งเร็วไม่หนักหน้า,20,5
1709,255,,เนื้อเจลซึมง่าย คุมมันได้ดี แต่กลิ่นฉุนไปหน่อย,-1,5
1710,255,,ไม่เหนอะหนะ แห้งเร็ว,-1,5
1711,255,,รักมากตัวนี้,30,5
1712,255,,สินค้าใช้ดีมากค่ะ,38,5
1713,255,,เนื้อบางเบาดีออกแดดไม่แสบร้อน,21,4
1714,255,,ถูกและดีค่ะชอบเลย,37,5
1715,255,,ใช้ดีไม่แพ้  ใช้มาตลอดค่ะ,-1,5
1716,255,,หน้ามันเลย,-1,3
1717,255,,goodd,-1,5
1718,255,,ใช้มาหลอดที่5แล้วค่ะสบายผิวดี,18,5
1719,255,,ดีค่ะไม่เหนียวหน้า,33,5
1720,255,,เเห้งเร็ว ไม่หนักหน้า ไม่มัน,-1,5
1721,255,,เนื้อบางเบา เเห้งเร็ว เเต่กลิ่นalc. แรงไปนิ๊ดนึง,-1,5
1722,255,,เนื้อทาง่าย ไม่เหนียว,26,5
1723,255,,ใช้ดีค่ะ หน้าไม่มัน,38,5
1724,255,,ดีค่ะไม่มัน,28,5
1725,255,,เนื้อเจลใสๆ เย็นดี ซึมเร็วมาก,-1,4
1726,255,,เบาบาง สมคำร่ำลือ แต่กลิ่นแอลกอฮอร์แรงไปนิด,23,5
1727,255,,ใช้ดี,44,5
1728,255,,ครีมไม่เหนียว ชอบค่ะ,37,5
1729,255,,เบาหน้าดี แต่เหมือนจะมีส่วนผลมของแอลกอฮอ,-1,5
1730,255,,ใช้ดีใช้ง่าย,-1,5
1731,255,,ใช้ดี เนื้อครีมซึมเร็ว ไม่เหนอะหนะ,36,5
1732,255,,ใช้เป็นประจำ,34,4
1733,255,,คุมมันดีค่ะ ไม่เยิ้มระหว่างวันเลย ชอบค่ะ,27,5
1734,255,,ซื้อช่วงโปรโมชั่นราคาถูกสุด ๆ ค่ะ,-1,5
1735,256,กันแดด,ชอบใช้ตัวนี้เวลาไม่ต้องออกแดดมาก เพราะซึมง่าย ไม่หนักหน้า,31,4
1736,256,❤,ซึมเร็ว ไม่เหนอะหนะ,-1,4
1737,256,ชอบมากค่ะ,ซึมเร็ว  ไม่เหนียว สั่งมาใช้ตลอดเลย,28,5
1738,256,ใช้ดี,ซึมเร็ว ใช้ดีค่ะ,-1,5
1739,256,Biore,ชอบแพคเกจของญี่ปุ่น หัวไม่เลอะดี,32,5
1740,256,review,ซึมซับไว ไม่อุดตัน,29,5
1741,256,ใช้ดี,แพ็คสินค้าดี จัดส่งรวดเร็วมาก,32,5
1742,256,ส่งของไวมาก,ใช้ดี เหมาะกับทาทับระหว่างวัน เนื้อบางเบาไม่เหนียวเหนอะ,-1,5
1743,256,ของดีมาก,ของดีมาก,-1,5
1744,256,ของดีมาก,ของดีมาก,-1,5
1745,256,เบามาก,ใช้ดี,-1,5
1746,256,ดีค่ะ,ก็โอเคนะคะ,45,5
1747,256,,,33,5
1748,256,Like,หลอดต่อมาเรื่อยๆก็ซื้อเว็บนี้,26,5
1749,256,Like,แห้งไวดีเพราะแอลกอฮอล์ ใครที่แพ้แอลกอฮอล์ไม่ควรใช้ค่ะ บีบออกมากลิ่นแอลกอฮอล์มาเลย แต่ส่วนตัวไม่แพ้เลยชอบเพราะแห้งไวนี่แหละค่ะ ทาทับเครื่องสำอางได้โดยไม่เป็นคราบ ซื้อต่อเรื่อยๆอยู่แล้วค่ะ,26,5
1750,256,ส่งสินค้าไว้มากค่,ส่งสินคาไวมากค่ะ,35,5
1751,256,ครีมกันแดด,ครีมกันแดด ที่รัก ใช้ตลอดเวลา ไม่ทำให้เกิดสิว,42,5
1752,256,ดีงามมากๆ,ใช้มาหลายหลอดแล้ว ยังไม่เปลี่ยนใจ ไม่หนักหน้า ไม่เหนียวเหนอะน่ะ กันแดดดี ใช้ทุกวัน,35,5
1753,256,นับไม่ถ้วน,ใช้ดีมาก ไม่มัน บางเบา,23,5
1754,256,ใช้ดีค่ะ ไม่มัน ไม่เหนียว,ใช่ดีค่ะ แต่กลิ่นแอลกอฮอล์แรงไปหน่อย คนที่แพ้ไม่แนะนำให้ใช้ค่ะ มีโอกาสจะซื้ออีกแน่นอนค่ะ ☺️,20,5
1755,256,ชอบมาก,ชอบมาก ทาแล้วไม่เป็นคราบดีชอบๆๆ,-1,5
1756,256,,,25,5
1757,256,,ชอบค่ะ เบาผิวดี ถ้าลดราคาจะซื้ออีก,26,5
1758,256,ครีมกันแดด,ซื้อแล้วซื้ออีก กันแดดกันตาย คุมมัน สดชื่น กันแดดเต็มๆ ชอบมาก แนะนำดาวล้านดวง,23,5
1759,256,กันแดดดี,พกไว้ทาทับระหว่างวันโอเคเลย,38,5
1760,256,,เนื้อบางดี กลิ่นแรงนิดนึง,28,5
1761,256,,ราคานี้ดีเลิศ ใช้มานานของเค้าดีอยู่แล้วค่ะ,41,5
1762,256,,เนื้อครีมบางเบาดีค่ะ,31,5
1763,256,,ดีค่ะ,23,5
1764,256,,ซึมง่าย  ทาแล้วไม่เหนียว  คือดีงาม,32,5
1765,256,,ดีไม่ดีไม่รู้ แต่สั่งรอบสองแล้วคร้า,36,5
1766,256,,เยี่ยม ยกนิ้วให้เลย,36,5
1767,256,,ใช้ดีคะ,36,5
1768,256,,เป็นกันแดดที่ถูกใจมากกกก เพราะเราไม่ชอบกันแดดที่ผสมรองพื้น อันนี้ทาแล้วแบบเบาสบายหน้าเลย ชอบมาก,-1,5
1769,256,,ใช้มานับหลอดไม่ได้ละ,-1,5
1770,256,,ไม่เหนอะ ไม่เยิ้ม ใช้ดีมากๆ,-1,5
1771,256,,น้องฝากซื้อ แต่น่าจะดี,37,5
1772,256,,ซึมดี,-1,5
1773,256,,ซึมเข้าผิวดี,-1,5
1774,256,,ใช้แล้วหน้าไม่มัน,32,5
1775,257,หัวข้อ,ซื้อที่watsonถูกกว่าค่ะ,-1,3
1776,257,ซื้อซ้ำตลอดค่ะ,หลอดใหญ่มาก คุ้มค่า,-1,5
1777,257,,เป็นเนื้อเจลสูตรน้ำ เกลี่ยง่าย ไม่มันไม่เยิ้มซึมไวแต่ชุ่มชื้นดี ทาได้ทั้งหน้าทั้งตัว แถมทาทับเครื่องสำอางค์ได้ด้วยค่ะ ^^,-1,5
1778,257,Good,ซึมง่าย ชอบค่ะ,24,5
1779,257,ดีค่ะ,เนื้อครีมแห้งเร็วดี แต่ทาเเล้วยังมีความรู้สึกว่ามีความมันอยู่เล็กน้อย ไม่ค่อยกันน้ำเท่าไรค่ะ,26,4
1780,257,ผิวแพ้ง่าย,ใช้ดีค่ะ จะซื้อใช้ต่อเรื่อย,40,5
1781,257,ดี,เราเอาไว้ทาคอเพราะมันไม่เป็นคราบดี เย็นๆเวลาทา แถมทาได้ทั้งหน้าและตัว แต่มันเป็นเม็ดๆอ่ะ งงว่าคืออะไร ไม่ละลายหรืออะไร,-1,5
1782,257,ซึมเร็ว ไม่มัน,ใช้ดี,43,5
1783,257,ดี,ใช้หลายขวดแล้วคะ,30,5
1784,257,กันแดดตัว,เนื้อบางเบา ซึมง่าย ไม่เหนอะผิว,-1,4
1785,257,ลูกรัก,เกลี่ยง่าย ถูกใจ บิโอเร สุดๆ,35,5
1786,257,Biore UV Aqua Rich Watery Gel SPF 50+/PA++++ 90ml,ได้รับของแล้วค่ะ โดยส่วนตัวชอบกันแดดยี่ห้อนี้,34,5
1787,257,มันดีมากมายยย,ดีมากกกกก,17,5
1788,257,บิโอเร,ใช้แบบไม่กลัวเปลืองทาทับระหว่างวันได้ซึมเร็ว,-1,4
1789,257,กันแดด,ใช้ดีค่ะชอบมากไม่เหนียว,36,5
1790,257,ดีงาม,ขาดไม่ได้เลย,34,5
1791,257,Pony,คุ้มมาก90ml. ซื้อมาแม่ยึดเอาไปใช้เลย เบาบางมาก ไม่วอก เหมาะสำหรับผู้ชายมากๆครับ,-1,5
1792,257,บิโอเร ยูวี อะควาริช,ใช้ดีจริงค่ะ เป็นกันแดดที่ซื้อใช้ซ้ำมากที่สุด ชอบตรงซึมไว เบา ไม่เหนอะหนะ,37,5
1793,257,Good,Good,34,5
1794,257,รีวิว,ชอบค่ะ เนื้อครีมซึมเร็ว ไม่เหนอะหนะ สั่งต่อแน่นอนค่ะ,-1,5
1795,257,ขวดใหญ่,คุ้มดีค่ะ ใช้ได้ทั้งหน้าและตัว ไม่แพ้ค่ะ,34,5
1796,257,เฉยๆ,สิวเห่อ ไม่ซื้อซ้ำแน่นอน,25,2
1797,257,มีติดกระเป๋าไว้,ใชดีค่ะ ใช้ทั้งกันบ้าน,45,4
1798,257,Biore UV Aqua Rich Watery Gel SPF 50+/PA++++,ขวดใหญ่ดีค่ะ ซึบซาบค่อนข้างดี,50,5
1799,257,เริ่ดด,ไม่เหนียว แห้งไว ใช้ดี ติดทนด้วยทาแป้งทับอ่ะ,27,5
1800,257,กันแดด กันน้ำ,ซื้อมาใช้แล้วแพ้ อุดตันสิวเต็มหน้า แต่แม่ใช้หน้าผ่องมาก คุมมันเยี่ยม ตกเป็นของแม่ไปโดยปริยาย,-1,5
1801,257,กันแดด,ซึมเร็วไม่เหนียวเนอะหนะ,-1,5
1802,257,ขวดใหญ่มว๊ากกก,ได้รับสินค้าไวมากค่ะ เเพ็คดีด้วย,24,5
1803,257,.,ดีค่ะ,24,4
1804,257,กันแดดลูกรัก,ใช้กันแดดได้ทั้งผิวหน้า ผิวกาย แต่โดยส่วนตัวใช้ทาแต่ผิวกายอย่างเดียว เนื้อโลชั่นซึมเข้าผิวไว และกันแดดได้ดีพอสมควร,42,5
1805,257,ใช้เป็นกันแดดทาผิวกาย,ใช้เป็นกันแดดทาผิวกาย ใช้ดี กลิ่นหอม ทาแล้วขาวขึ้นนิดนึง,42,5
1806,257,ครีมกันแดด,แพ็คของดีค่ะ ครีมกันแดดตัวนี้เลิสค่ะ ซึมไวดี,-1,5
1807,257,ดีค่ะ,เนื้อดีซึมไว้ ใช้ได้ทั้งหน้าและตัว คุ้มค่ะ,23,5
1808,257,ส่งของช้าค่ะ,รอบนี้ส่งของช้ามากเลยค่ะ,28,5
1809,257,ใช้ได้ทั้งหน้า และตัว,บางเบา ไม่มันค่ะ,-1,4
1810,257,,ทำไมมันเหมือหมดอายุเลย แต่ดูจากกล่องแล้วยังไม่หมด ส่วนตัวก้โอเค บางเบา กันแดดได้ดี ซึมไว,-1,5
1811,257,กันแดด,ชอบค่ะ ส่งของไวดีค่ะ,-1,5
1812,257,ดี,ซึมง่าย,-1,5
1813,257,ผิวผสม,ไม่แพ้ ก็โอเคแล้วววว,-1,5
1814,257,,,27,5
1815,258,รีวิว,มีแอลกอฮอล์ แต่นอกนั้นโอเค,27,5
1816,258,รักก,ซื้อมารอบที่เท่าไหร่แล้วก็ไม่รู้แต่ก็ยังชอบอยู่ชอบมากๆค่ะ,-1,5
1817,258,ซึบซาบเร็ว,เป็นกันแดดที่ซึบซาบเร็วทาง่าย เหมาะมากไม่ต้องทนกับความเหนียวเหนอะของตัวเนื้อครีม พร้อมลงเมคอัพได้รวดเร็วไม่ต้องรอ แถมกันน้ำด้วยดีงามมาก,-1,5
1818,258,เยี่ยม,ตัวนี้เคยใช้อยู่แล้วครับ พึ่งเคยสั่งจาก Konvy 5 ดาวเลย,-1,5
1819,258,ดีงาม,ดีมาก ใช้แล้วหน้าไม่มัน ไม่หมอง แต่ซื้อที่วัตสันราคาถูกกว่า,-1,5
1820,258,ดีงาม,ไม่นับจำนวนแล้วคะ,-1,5
1821,258,ดี,ดีงามบางเบา,32,5
1822,258,ใช้หลายหลอดแล้ว,นึกถึงตัวนี่ตัวแรกเลยกันแดด,24,4
1823,258,ปลื้มมาก,เป็นครีมกันแดดที่ปลื้มมาก ซึมไวทาทับเครื่องสำอางค์ก็ได้,26,5
1824,258,หลาายหลอดแล้ว,เนื้อบางเบา ปลื้มม,23,5
1825,258,Biore UV Aqua Rich Watery Essence SPF50+PA+++ 50 g,ใช้ง่าย ให้ความชุ่มชื้ัน ซึมสู่ผิวเร็ว ไม่เหนอะ,51,5
1826,258,กันแดดดีดี,เป็นครีมกันแดดที่ซึมลงผิวได้เร็ว ไม่เหนียวหน้าด้วย ใช้จิดต่อหลายหลอดแล้วว,-1,5
1827,258,กันแดดผิวกายที่ชอบมาก,กันแดดผิวกายที่ชอบมาก,42,5
1828,258,รีวิวกันแดด,ใช้ดีมากกกกกก ซึมซาบเร็ว แต่งหน้าต่อได้โดยไม่รู้สึกเนอะหนะผิว แต่ระดับการป้องกันแสงแดดยังไม่ค่อยพอใจเท่าไหร่,-1,5
1829,258,ซื้อไม่นับจำนวน,ใช้ดีมากคะ  กันแดดดีมาก บางเบา ซึมเร็ว ลงเมคอัพต่อได้ทันที บอกต่อคะ,-1,5
1830,258,ใช้ดีมากค่ะ,ใช้แล้ว บางเบา หน้าไม่มัน ไม่เป็นคราบเลยค่ะ,-1,5
1831,258,,ซึมไว ไม่หนักหน้า,27,5
1832,258,,ใช้ดี หน้าไม่มันค่ะ,-1,5
1833,258,,,25,5
1834,258,,น้องสาวใช้บอกว่าดี แต่มันนิดหน่อย,25,3
1835,258,,ดีนะแต่กลื่นแอลกอฮอลแรงมาก,-1,5
1836,258,,เป็นกันแดดที่ซึมไว ไม่หนักหน้า,37,5
1837,258,,ชอบมาก ใช้มา 4 หลอดล่ะ ไม่เหนียว ไม่เป็นคราบ,31,5
1838,258,,เนื้อบางเบา กันแดดดีมาก,25,5
1839,258,,Good,27,5
1840,258,,เป็นกันแดดที่ชอบที่สุดแล้วค่ะ ซึมง่ายมากไม่หนักหน้า ไม่ทำให้สีผิวเพี้ยนด้วย ทาแล้วรู้สึกหน้าสดใสขึ้นค่ะ แต่งหน้าง่ายขึ้น หรือจะทาอยู่บ้านเฉยๆก็ได้หน้าไม่เยิ้มค่ะ,29,5
1841,258,,คุ้มๆๆ,-1,5
1842,258,,ซึมไว ไม่เหนียวเหนอะหนะ,32,5
1843,258,,ใช้แล้วไม่หนักหน้า,45,5
1844,258,,ใช้ดีค่ะ ใช้มาหลายหลอดแล้วค่ะ,-1,5
1845,258,,ใช้ดีค่ะหน้าไม่มัน กันแดดได้ดี ดูรีวิวมาหลายท่านแล่วสรุปที่ตัวนี้ค่ะ,-1,5
1846,258,,ใช้ดีค่ะ ซึมไว แห้งเร้ว ไม่เหนอะหนะ,34,5
1847,258,,เนื้อบางเบามาก ทาแล้วเหมือนไม่ได้ทา,21,5
1848,258,,ตัวนี้ก็ดีเวอร์ค่ะ คนแพ้ง่ายใช้ได้แน่นอน,35,5
1849,258,,ทาแล้าหน้าไม่มัน แต่ไม่ชอบตรงที่มีแอลกอฮอล์,35,3
1850,258,,ชอบมาก ไม่เหนียว ไม่มันค่ะ,32,5
1851,258,,โอเคเลย,32,5
1852,258,,ชอบมาก PA++++ (4บวก) ยิ่งบวกเยอะยิ่งดี,29,5
1853,258,,ใช้ดีค่ะ เบาหน้ามาก ทาระหว่างวันได้,29,5
1854,258,,สินค้าใช้แล้วบอกต่อ ใช้เองถูกใจ ซื้อฝากใคร ใครก้อชอบ ตามนั้น,33,5
1855,259,สั่งง่าย ได้ไว แพ็คดี ไว้ใจkonvyเท่านั้น,กันแดดได้ดีค่ะ ไม่เหนียวด้วย,-1,5
1856,259,ได้รับของไวมาก,ซื้อให้แฟนใช้ ประสิทธิภาพโอเคเลย,-1,4
1857,259,ใช้ดีค่ะ,ใช้ดีไม่เหนียว ประสิทธิภาพกันแดดดี,29,5
1858,259,ชอบ,เป็นกันแดดที่ชอบมากในตอนนี้ ซึมเร็ว ไม่เหนียวเหนอะหนะ กลิ่นหอมอ่อนๆ,-1,5
1859,259,ใช้ดีมาก,ใช้ดีมาก,32,5
1860,259,ครีมกันแดด,ดี,-1,5
1861,259,หลดอเล็กกว่าที่คิดค่ะ,นึกว่าจะได้หลอดใหญ่ ใช้ดีค่ะแห้งไว,24,5
1862,259,ซึมไวดี,ซึมไวดี แต่ไม่ชอบกลิ่นเลยค่ะ กลิ่นแปลกๆ ลองไปดมสีฟ้ามา สีฟ้าหอมนะ ถ้าซื้อคราวหน้าคงซื้อสีฟ้า,-1,4
1863,259,good,ไม่เหนียวซึมไว,34,5
1864,259,Biore UV,ใช้ดีค่ะ,-1,5
1865,259,,ใช้ดีค่ะแต่หลอดเล็กไปหน่อย,39,5
1866,259,ดีจร้า,ไม่เหนียวเหนอะจร้าซึมเร็วชอบๆ,-1,5
1867,259,เนื้อกันแดดโอเคค่ะ ไม่เป็นคราบ,ชอบตรงไม่เป็นคราบค่ะ,29,3
1868,259,,ดีค่ะ,-1,4
1869,259,,กลิ่นนี่แรงสุดๆ เราไม่ค่อยชอบกลิ่น. แต่ชอบตรงที่ครัมไม่เหนียวเหนอะหนะ,29,3
1870,259,,เล็กกว่าที่คิด แต่ก็ชอบ,-1,5
1871,259,,พกสะดวกดี,22,5
1872,259,,เนื้อครีมเหนียวไปหน่อยค่ะ แต่อาจจะเป็นปกติของครีมกันแดด ซื้อตอนไปทะเล ผิวไม่ลอกค่ะ แต่คล้ำขึ้น ส่วนระหว่างวันน่าจะใช้ได้ แต่พอดีเราไม่ชอบทากันแดดเพราะเวลาทามันเหนียวๆ ตัว,40,3
1873,259,,ใช้ดีค่ะ เกลี่ยง่าย ไม่เหนอะหนะ,-1,5
1874,259,,เนื้อครีมเกลี่ยง่าย ซึมไว ตามแบบฉบับบีโอเร กลิ่นครีมหอมอ่อนๆ พอทาแล้วรู้สึกเหนอะนิดหน่อยก็หาย โดยรวมแล้วโอเค,-1,4
1875,259,,หอม ซึมง่าย สบายผิว love love,29,5
1876,259,,กันแดดได้ดี,27,3
1877,259,,กลิ่นค่อนข้างหอม เนื้อครีมค่อนข้างเกลี่ยง่าย ทาแล้วไม่มีสี,23,5
1878,259,,ชอบดูเหมือนเป็น บีบี ผิวขาว เบาๆ,27,5
1879,259,,มันสุดยอดมากค่ะ,-1,5
1880,259,,กันแดดดีนะ แต่ไม่ชอบสีเท่าไร,23,5
1881,259,,ซึมเร็ว มีกลิ่นอ่อนๆ ไม่เหนียวเหนอะหนะ,-1,5
1882,259,,ดี เหมาะในชีวิตประจำวัน,25,5
1883,259,,ดีค่ะ,27,5
1884,259,,ไม่เหนียว ซึมไว,23,5
1885,259,,ปรับสีผิวสว่างขึ้นนิดหน่อย ทาง่ายค่ะ ไม่เหนอะหนะ,22,5
1886,259,,เหนอะไปนิดนึง,-1,5
1887,259,,เบาบาง ซึมเร็ว ไม่เหนียวเนอะหนะ...แต่กลิ่นแอบฉุนนิดๆ โดยส่วนตัวสีฟ้ากลิ่นหอมกว่า,24,5
1888,259,,ทาแล้วจะดูขาวขึ้นนิดๆค่ะ ไม่เหนียวเท่ากันแดดตัวอื่นๆ,27,5
1889,259,,ดีค่ะ,-1,5
1890,259,,โอเคร่,23,5
1891,259,,ซึมเร็ว กลิ่นหอมนิดๆ,-1,5
1892,259,,กันแดดที่ใช้ดี ไม่เหนียวเหนอะหนะ,28,5
1893,259,,ใช้ดี ไม่มันซึมเร็ว,43,5
1894,259,,โอเคเลยย แต่แอบเหนอะหนะนิดนึง เพราะค่าSPFมันเยอะ เข้าใจๆ55555,13,4
1895,260,,ลองใช้แล้ว ดีสมคำล่ำลือ ค่ะ จะสั่งต่อ,31,5
1896,260,Biore Cleansing Milk,ชอบมากที่สุด ซื้อซ้ำแล้วซ้ำอีก อ่อนโยน ล้างเครื่องสำอางได้หมดจด,26,5
1897,260,คลีนซิ่งมิลค์,ใช้ง่ายดี ทำความสะอาดเครื่องสำอางค์ได้ดีเลยค่ะ แต่ต้องระวังรอบดวงตาเพราะว่าค่อนข้างแสบตาค่ะ,22,4
1898,260,ลบออกหมดจด หน้าไม่แห้งค่ะ,ชอบมากค่ะ,36,5
1899,260,,,39,5
1900,260,,ชอบค่ะ,34,5
1901,260,,ล้างสะอาดดี ไม่ฝืดหน้าเหมือนใช้ที่เช็ด คสอ,-1,5
1902,260,คลีนซิ่ง,ชอบค่ะ,35,5
1903,260,,ล้างหน้าสะอาดดีคะ,25,5
1904,260,,เหมือนล้างไม่หมด,31,3
1905,260,,หน้าสะอาดมากใช้สะดวกด้วย,39,5
1906,260,ดีมากๆ,ใช้มาหลายขวดแล้ว ใช้ดีมากชอบมาก,24,5
1907,260,,ดีค่ะ,18,5
1908,260,,สะอาดพอสมควรค่ะ,30,5
1909,260,,ล้างเครื่องสำอางค์ได้ดีมาก ครั้งเดียวออกหมด,24,5
1910,260,,เช็ดเครื่องสำอางค์สะอาด อ่อนโยนต่อผิว,19,5
1911,260,,ใช้สะดวด แค่นวดหน้าแล้วล้างออก ไม่เสียเวลาเช็ค คสอ. ดีค่ะ,34,5
1912,260,,ใช้แล้วชอบค่ะ ไม่ต้องใช้สำลี นวดแล้วล้างออกได้เลย,-1,5
1913,260,,ล้างเครื่องสำอางสะอาดดีค่ะ,36,5
1914,260,,ใช้ดีค่ะ,-1,5
1915,260,,เคยอ่านมาว่าครีนซิ่งนมดีสุด ไม่ทำร้ายหน้า ขอลองใช้ก่อน,23,5
1916,260,,เช็ดเครื่องสำอางค์สะดวกดีค่ะ แต่ราคาลดน้อยไปค่ะน่าจะถูกกว่าท้องตลาดมากกว่านี้,46,5
1917,260,,ล้างสะอาด ผิวไม่แห้งเกินไปด้วยค่ะ,21,5
1918,260,,เพื่อนฝากซื้อคร่า,42,5
1919,260,,ใช้ดีค่ะ,-1,5
1920,260,,ล้างแล้วหน้านุ่ม แต่รู้สึกมันนิดนึง ต้องล้างซ้ำ 2 รอบ,-1,5
1921,260,,ลองดูค่ะ,-1,5
1922,260,,ให้่ล้างเครื่องสำอางดีมากๆ ไม่ต้องใช้สำลีเลย นวดเบาๆบนใบหน้าและดวงตาได้ด้วย,26,5
1923,260,,ใช้แล้วหน้านุ่ม ไม่มัน,-1,5
1924,260,,ชอบมาก ล้างเครื่องสำอางค์ได้สะอาดหมดจด ผิวแพ้ง่ายใช้ได้ค่ะ,35,5
1925,260,,ใช้ดี สะอาดหมดจด ไม่ระคายเคืองเลยค่ะ,30,5
1926,260,,ใช่ดีค่ะต้องซื้อต่อ,-1,5
1927,260,,ใช้นวดล้างเครื่องสำอางค์ที่อาจยังตกค้างตามรูขุมขน แม้จะเช็ดด้วยสำลีแล้วก็ตาม,32,5
1928,260,,รู้ๆ กันอยู่ บีโอเรตัวนี้ ดีขนาดไหน รักที่สุด,44,5
1929,260,,เช็ดได้สะอาด ไม่ระคายเคืองผิว,-1,5
1930,260,,สินค้าแพคมาอย่างดีเช่นเคยค่ะ ส่งรวดเร็วค่ะ,37,5
1931,260,,ล้างสะอาดดีไม่ต้องง้อสำลีจิงๆค่ะ,-1,5
1932,260,,ครีมนุ่มดีคะ,-1,5
1933,260,,ใช้ดี ตามมาค่ะ,31,5
1934,260,,แพ็คของมาดีมากค่ะ,22,5
1935,261,ซึมซาบเร็ว,กลิ่่นหอม ไม่เหนียว ซึบซาบเร็วดี ชอบค่ะ,-1,5
1936,261,ใช้ดีค่ะ,ใช้ดี มีความชุ่มชื่น กันน้ำดีมากค่ะ ปราศจากความมัน,25,5
1937,261,ดีค่ะ,หอม ซึมง่าย กันแดดดี แต่เสียคือมีแอลกอฮอล,-1,5
1938,261,กันแดด,ใช้ดี ตัวเซรั่มซึมเร็ว ไม่เหนียว,-1,5
1939,261,คุ้มค่ามาก,ใช้ดี ไม่มันเยิ้ม ไม่เหนอะหนะ คุ้มราคาด้วย ไม่แพง,-1,5
1940,261,เปฯกันแดด ที่ใช้ง่าย,ไม่มันเท่าตัวอื่น สามารถใช้ ประจำวันได้ และ ถูก,-1,5
1941,261,สูตรนี้เอามาลอง,สูตรนี้เอามาลองค่ะ แต่ก็กลับไปใช้อีกสูตรอยู่ดี,-1,5
1942,261,,เนื้อครีมทาง่าย ไม่เหนียว,-1,5
1943,261,,เนื้อครีมไม่เหนียว ซึมไว มีกลิ่นหอมอ่อนๆ,-1,5
1944,261,,ทาแล้วขาวขึ้นค่ะ,-1,5
1945,261,,ใช้ดีไม่เหนียว,33,5
1946,261,,คืนสินค้าไป,25,5
1947,261,,พอใช้ได้ค่ะ,29,3
1948,261,,กลิ่นหอม,22,5
1949,261,,ไม่เหนียวเลยทาง่ายมากๆ ถูกใจคนขี้เกียจทากันแดดเหนียวๆสุดๆ,21,5
1950,261,,หลอดที่ห้าแล้วค่ะ ไม่คิดเปลี่ยนใจ,27,5
1951,261,,อันนี้คือดี เป็นกันแดด แต่ไม่เหนียวไม่เหนอะ ไม่เหม็น ชอบมาก,29,5
1952,261,,ได้รับสินค้าแล้ว แพ็คของมาดีมาก,-1,5
1953,261,,ซึมไว มีกลิ่นหอม ชอบๆๆๆค่ะ,26,5
1954,261,,ดีงามมมม,-1,5
1955,261,,ส่งเร็ว แพ็คของแน่นหนาดี,41,5
1956,261,,โอเคเลยค่ะ ไม่รู้กันแดดเสถียรมั้ยเพราะช่วงนี้ไม่ค่อยมีแดด แต่เนื้อครีมดีไม่เหนียว หอมดี โดนรวมชอบค่ะ,29,5
1957,261,,เนื้อเบาบาง ซึมง่าย มีกลิ่นหอมอ่อนๆ ชอบค่ะ,54,5
1958,261,,ลูกรักตัวใหม่ พูดแค่นี้ 5555,21,5
1959,261,,น้องๆ ฝากสั่งค่ะ ได้ผลยังไงจะมารีวิวให้ฟังน่ะค่ะ,38,5
1960,261,,เนื้อครีมซึมเร็ว กลิ่นหอมดีค่ะ,33,5
1961,261,,ไม่เหนียวเลย ทาแล้วซึมเข้าแขนหายไปเลย ชอบมาก เวลาเจอเหงื่อไม่เหนียวเหนอะหนะ,33,5
1962,261,,ชอบค่ะ,43,5
1963,261,,ได้รับของเร็วดีค่ะ เป็นกันแดดที่แห้งเร็วดีไม่เหนียวตัวด้วย เยี่ยม,26,5
1964,261,,ขนาดใหญ่ ใช้ดีมาก ไม่เหนียวด้วยค่ะ,-1,5
1965,262,,ไม่เหนียว ค่ะ หน้าไม่แห้ง เหมาะกะผิวแห้งนะคิดว่า,32,5
1966,262,เพิ่งลอง,ขอลองใช้ดูก่อน,-1,5
1967,262,ดี,จิวแต่ดี,24,5
1968,262,,ซึมง่ายไม่เหนียวเนอะหนะ ใช้ได้นานมากกกก,-1,5
1969,262,,ชอบค่ะ,-1,5
1970,262,,ซื้อมาลองค่า,22,4
1971,262,,ใช้ดีมากหน้าไม่เหนอะ ซึมไว,26,5
1972,262,,ชอบมากค่ะ,-1,5
1973,262,,เนื้อครีมขาวเหมือนน้ำนม แต่กันแดดได้ดี ไม่เหนียวเหนอะผิว,33,5
1974,262,,แฟนใช้ลงว่ายน้ำละเป็นสิวค่ะ,22,3
1975,262,,ok มาก,-1,5
1976,262,,ของส่งไวมากกก ห่อมาอย่างดี,-1,5
1977,262,,ใช้ดีมากคะ หน้าไม่มัน ปลื้มมม☺️,28,5
1978,262,,ใช้ง่าย ประสิทธิภาพดีค่ะ,26,5
1979,262,,กันแดดในดวงใจเลยค่ะ,-1,5
1980,262,,กันแดดในดวงใจค่ะ,-1,5
1981,262,,เป็นกันแดดที่ดีในระดับหนึ่ง สำคัญไม่แพงค่ะ,-1,5
1982,262,,ใช้ดีหน้าไม่มัน แอบมีกลิ่นแอลกอฮอล์เล็กน้อยๆ,-1,5
1983,262,,เนื้อครีมไม่เหนียวหน้าดีค่ะ,-1,5
1984,262,,ทาแล้วไม่เหนียวหน้าค่ะ,-1,5
1985,262,,ซึมเร็วดี ไม่มัน,38,5
1986,262,,เพิ่งได้รับขอลองก่อนจ้า,31,5
1987,262,,...,-1,1
1988,262,,อันนี้เคยใช้ตอนไปดำน้ำ ช่วยได้ดีจริงๆ,24,5
1989,262,,รีวิวดี,23,5
1990,262,,ตัวนี้ใช้เป็นปกติ เป็นกันแดดที่ดีที่สุดที่เคยใช้ ไม่เนอะ ไม่เหนียว และกัดแดดได้จริงๆ,-1,5
1991,262,,ชิ้นเล็กกว่าที่คิด แต่ใช้แล้วถูกใจ แห้งไว,26,5
1992,262,,ใช้แล้วหน้ามัน ไม่เหมาะกะทาหน้า เลยใช้ทาผิวแทน,26,3
1993,262,,เนื้อบางเบา,23,4
1994,262,,ไม่มันเยิ้มดีค่ะ,34,5
1995,262,,ของถึงเร็วมาก แพ็คมาอย่างดี เทสแล้ว กลิ่นหอม เข้ากับผิวได้ง่าย ชอบๆๆ,21,5
1996,262,,หน้าไม่มัน ดีค่ะ,-1,5
1997,262,,ใช้ดีค่ะ บางเบาสบายผิวมากๆ ชอบค่ะ,28,5
1998,262,,สัมผัสดี ใช้ระหว่างวันได้  ไม่มีคราบเนอะหนะ,-1,4
1999,263,กันแดดบางเบาผิวเนียน,บางเบา ไม่ได้คุมมัน ปรับสีผิวให้เรียบเนียน,27,4
2000,263,ใช้ดี,ใช้ประจำ ตัวเดียวจบทั้งกันแดดและ cc ครีมในตัวเดียว หน้าไม่ค่อยมัน สีไม่ดรอป แต่ขายแพงกว่าใน 7-11,30,4
2001,263,,แอบหน้ามันนิดหน่อยหลังใช้,34,5
2002,263,,ไม่เหมาะกับผิวมันอ่ะ,33,5
2003,263,,ซื้อปุ๊บ วันหลังไปเดินบิ๊กซี บิ๊กซีลดเหลือ 190 เสียใจมากกกกก,27,5
2004,263,,เป็นกันแดดที่ ไม่ต้องใช้ลองพื้นเลยค่ะ หลังจากทามอยส์เจอรไรเซอร์ แล้วก็ลงตัวนี้ได้เลย ใช้นิดเดียวเกลี่ยทั่วหน้าเลยค่ะ,-1,5
2005,263,,เหมาะกับวันที่ไม่แต่งหน้า ใช้แล้วหน้าเนียนดี,21,5
2006,263,,ดีค่ะ,-1,5
2007,263,,ชอบคะ,-1,5
2008,263,,เริ่ดนะ ใช้ดีมากค่ะ,36,5
2009,263,,ดีคะ วันไหนขี้เกียจก็ทาตัวเดียวเลย,-1,5
2010,263,,ดีงาม,39,4
2011,263,,ซื้อรอบ 2 ค่ะ,-1,5
2012,263,,ใช้ดีนะ เนื้อบางเบา แต่ต้องทาไวๆหน่อยนะคะ เพราะเนื้อแห้งไวมากๆ สั่งรอบ 2 แล้วคะ,34,5
2013,263,,ส่วนตัวแล้วชอบนะคะ  เพราะว่ามันซึมเร็ว  หน้าไม่มันเยิ้ม  และทาเสร็จเหมือนทาแป้งไปด้วย  ไม่ปกปิดอะไรมาก  ไม่ต้องแต่งหน้าอะไรก็โอเคค่ะ,-1,5
2014,263,,ทาแล้วเนียน,-1,5
2015,263,,ยังไม่ได้ลองเลย แต่ของถึงเร็วค่ะ,29,3
2016,263,,คุมมันดีมาก เป็นธรรมชาติ,45,5
2017,263,,สีเนียน เกลี่ยง่าย,30,5
2018,263,,เนื้อเบา ไม่หนักหน้า เป็นเนื้อเหลวๆ เกลี่ยง่ายดี แต่ไม่ค่อยปกปิดเท่าไหร่  ทาแล้วหน้าไม่คล้ำ หรือวอก สีกลางๆโอเคเลยคะ,34,5
2019,264,,นึกว่าแพ็คคู่ อันเดียวแพงกว่าวัตสันอีกค่ะ,-1,1
2020,264,กันแดดดี,เนื้อครีมซึมเร็ว ไม่เหนียวเหนอะ,37,5
2021,264,แพงกว่าวัตสัน,แพงกว่าวัตสัน 51 บาท เสียใจ,37,5
2022,264,,เป็นเนื้อมูสดูเหมือนจะข้น แต่พอถูแล้วจะกลายเป็นน้ำซึมลงผิวไปเลย เบาสบายหน้ามากๆ,-1,5
2023,264,,เนื้อเบา ไม่หนักหน้า เกลี่ยง่าย แต่ทาแล้วสีออกขาวๆหน่อย,32,5
2024,264,,ใช้ดีค่ะ,-1,5
2025,264,,ใช้ดีค่ะ ปรับสีผิวเราให้สว่างขึ้นระดับหนึ่ง โอเคนะคะ ไม่แพ้ แต่ต้องล้างหน้าให้สะอาดด้วยนะคะ,35,5
2026,264,,เนื้อเกลี่ยง่าย ไม่เป็นคราบ,27,5
2027,264,,ใช้ดีค่ะ,28,5
2028,264,,เป็นเบสไปในตัว แต่ชอบตัวเอสเซนต์มากกว่า,-1,5
2029,264,,ชอบมากค่ะ,46,5
2030,264,,ก็ดี ทาแล้วซึมเข้าผิว ไม่มันเยื้อม,37,5
2031,264,,ชอบมากกกก,-1,5
2032,264,,เป็นคนหน้ามันค่ะจะลองใช้ดู,26,5
2033,264,,ใช้แล้วหน้าไม่มัน,49,5
2034,264,,เป็นครีมกันแดดที่ดีมากเลย ใช้มาเป็นหลอดที่2ล่ะ เนื้อครีมซึมง่ายและยังช่วยปรับสภาพผิวหน้าได้ดีด้วย,25,5
2035,264,,ใช้ดีค่ะ,30,5
2036,264,,ทำให้ลองพื้นติดดีค่ะ,-1,5
2037,265,ซึมซาบไวดี,ไม่เหนอะหน้า,-1,5
2038,265,กันแดดสุด love,กันแดดสุด love,-1,5
2039,265,ซื้อครั้งที่ 10 แล้วค่ะ,ซื้อครั้งที่ 10 แล้วค่ะ,-1,5
2040,265,กันแดดดีมากๆ ซื้อต่อค่ะ,กันแดดดีมากๆ ซื้อต่อค่ะ,-1,5
2041,265,กันแดดคุณภาพค่ะ,กันแดดคุณภาพค่ะ,-1,5
2042,265,Biore UV Perfect Face Milk SPF50/PA+++ 30ml,เป็นครีมกันแดดที่ใช้มาหลายปี เป็นลักษณะคล้ายๆน้ำนม ไม่หนักหน้า และไม่เหนอะหนะ ไม่อุดตัน และไม่ต้องทำซ้ำก็อยู่ทั้งวัน แต่กลิ่นอาจแรงไปสำหรับคนที่ไม่ชอบ  และ Konvy ส่งสินค้ารวดเร็วทันใจ ในสินค้าสภาพสมบูรณ์ใช้ได้จริง,-1,4
2043,265,Biore UV,เนื้อครีมบางเบา ไม่หนักหน้าค่ะ คุมมันดีค่ะ ชอบ,-1,5
2044,265,ชอบมาก,คุมมันดีครับ,-1,5
2045,265,7/10,พอใช้ดีนะก็โอเค,19,5
2046,265,,เป็นกันแดดที่ปลื้มมากค่ะ ซึมง่าย  ทาแล้วไม่ทิ้งความเหนะหนะไว้เลย ไม่มีสิวอุดตัน  คงจะจบที่ตัวนี้แล้วค่ะ   ไม่เสาะแสวงหากันแดดตัวอื่นแล้วค่ะ,43,5
2047,265,,ชอบเนื้อผลิตภัณฑ์ที่เป็นน้ำนม ใช้แล้วผิวไม่มัน ไม่หนา ไม่ขาว ผิวสองสีก็ใช้ได้ดี,29,5
2048,265,,เป้นเนื้อที่บางเบา ชอบ,-1,5
2049,265,,Good,39,5
2050,265,,ชอบมากเลยค่ะ คุมมันดีมาก ไม่เหนอะเกลี่ยง่าย,-1,5
2051,265,,ชอบมาก,35,5
2052,265,,ชอบมาก,22,5
2053,265,,เพิ่งสั่งครั้งแรก ขอลองใช้ก่อน,-1,5
2054,265,,บางเบา ไม่เหนียวเหนอะหนะ,-1,5
2055,265,,ใช้ดีมาก,35,5
2056,266,กลางๆ,บอกไม่ถูกแต่ไม่ค่อยจะชอบเท่าไหร่,-1,5
2057,266,,เฉยๆเลย,-1,3
2058,266,,นวด ๆ แต่พอใช้สำลีเช็ดหลังล้างหน้าแล้ว ยังมีคราบรองพื้นติดอยู่ ถ้าแต่งหน้าหนัก ๆ ล้างไม่สะอาด ให้ 2 ดาว ไม่ซื้อต่อ,37,2
2059,266,,ล้างสะอาดแม้จะเป็นเครื่องสำอางที่ล้างยากๆ ดีต่อผิวเพราะไม่ต้องออกแรงถูแรงๆ,-1,5
2060,266,,ล้างสะอาดดีค่ะ,32,5
2061,266,,good,22,5
2062,266,,good,22,5
2063,266,,ถูกกว่าเคาน์เตอร์ 50 บาท,43,5
2064,266,,ใช้ดีค่ะ ขวดที่2แล้ว,37,5
2065,266,,เพิ่งสั่งครั้งแรก ขอลองใช้ก่อน,-1,5
2066,266,,ดีงาม,32,5
2067,266,,หลงรักสุดๆ สะอาด หน้าไม่มัน ล้างออกง่าย,34,5
2068,266,,ดีมากๆ,26,5
2069,266,,แพคเกจไม่เหมือนที่ขายตามร้านแต่กลิ่นและสัมผัสเหมือนกันค่ะ ใช้ดีไม่แพ้,43,5
2070,266,,ลองก่อนนะ,32,5
2071,266,,ใช้ดีค่ะ,26,5
2072,266,,ครั้งนี้ได้รับของช้าแต่ก็ยังคงคุณภาพแพ็คของดีเหมือนเดิมค่ะ,-1,5
2073,266,,good,37,5
2074,266,,สินค้าแพ็คมาเป็นอย่างดี ได้ปุ๊บเปิดใช้ปั๊บ ใช้ง่าย ใช้แล้วหน้ารู้สึกสะอาดดีค่ะ,37,5
2075,266,,ดีอ่ะไม่ต้องใช้สำลีประหยัดค่าสำลีอีกอิๆๆๆ,29,5
2076,266,,สะอาดชุ่มชื่นดีคะ,-1,5
2077,266,,สะดวกดีค่ะ ล้างออกง่ายดี,-1,5
2078,266,,ใช้ง่ายค่ะ,25,5
2079,267,กันแดดดีมาก,กันแดดดีมาก,-1,5
2080,267,,ชอบค่า ซึมเร็วดี,-1,5
2081,267,,ส่งเร็วได้ของไว,-1,5
2082,268,,,25,5
2083,268,,เกลี่ยง่าย ซึมเร็ว หอมกลิ่นกุหลาบอ่อนๆ แต่คุมมันไม่อยู่เท่าไหร่,-1,5
2084,268,,ปลื้มที่สุด,32,5
2085,268,,ไม่เหนียวเหนอะหนะ หอมกุหลาบอ่อนๆ ชอบมากก,27,5
