418,153,MAC Chatterbox,สีสวยมากค่ะ ติดใจ ต้อสั่งอีกแน่,-1,5
419,153,สีสดสวย,สีสดสวย,1,5
420,153,,เนื้อแน่นสีสวยติดทนค,-1,5
421,153,,สีสวย ถูกใจมากค่ะ,30,5
422,153,,สีสวย ติดทน ปลื้มมาก,27,5
423,153,,สีหวานดีค่ะ,34,4
424,153,,สีสวย ติดทน,-1,5
425,153,,สีสวย ติดทนเลิฟมาก,-1,5
426,153,,ใช้ดีคะ สีสวยมากๆคะ,28,5
427,153,,สีสวยหวานตุ๊กตามาก ชอบค่ะ,-1,3
428,153,,สีติดทนดีค่ะ,30,5
429,153,,สีสวยถูกใจมากๆ,-1,4
430,153,,สีสวย สามารถทาได้ทุกวัน ชอบค่ะ,25,5
431,153,,สีสวยค่ะ,33,5
432,153,,สีสวย,34,4
433,153,,ชอบมากค่ะ,42,5
434,153,,ลิปสติก สีสวยดี เนื้อลิป แน่น ทาแล้วไม่ตกร่องปาก,34,5
435,153,,สีสวย,25,5
436,153,,เนื้อลิปดีมากก ชอบมากก,24,5
437,153,,สีสวยมากกกก ชอบบบบ,27,5
438,153,,สีสวยค่ะ,30,4
439,153,,I love MAC :),32,5
440,153,,เม็ดสีสวยมาก สีติดปาก มากค่ะ ชอบสุดๆ,30,5
441,153,,สีสวยคะ,-1,5
442,153,,ส่งของรวดเร็วดีคะ ราคาถูกกว่าในช็อปด้วย เเถมสบายใจได้ด้วยว่าของเเท้เเน่นอน 100% :)),23,5
443,153,,เลิฟเลยยยย เม็ดสีแน่ ติดทนติดนาน สีปากเข้มก้ทาได้กลบมิด ชมพูหวานๆไม่เวอร์ ใช้ได้ทุกวัน เปนธรรมชาติดี,25,5
444,153,,ชอบสีมากๆคะ,33,2
445,153,,สีสวยมากค่ะ บาร์บี้มาก ปลื้มมมมม,23,5
446,153,,สีสวยสดใส,41,5
447,153,,เป็นสีชมพู ออกม่วง คนที่ผิวขาว จะสีออกชมพู ส่วนคนผิวคล้ำจะได้สีออกม่วง / เม็ดสีแน่น ติดทน  -สีไม่ค่อยถูกใจ,19,4
448,153,,สีสวย,-1,5
449,153,,สีสวยมากๆ,40,5
450,153,,คอนวี่แพ็คมาอย่างดี สีลิปสวยมาก เนื้อดีค่ะ,30,4
451,153,,สีสวยถูกใจมากค่ะ,35,5
452,153,,สีสวยมากค่ะ,25,5
453,153,,สีสวยดีค่ะ หวานเชียว,31,5
454,153,,สีสวย,28,5
455,153,,สีสันติดทนคะ,45,5
456,153,,สีหวานมาก บาร์บี้มากกก รักเลยค่ะ ❤️,26,5
457,153,,สีเจิดดีค่ะ,34,2
458,154,,ใช้ดีเม็ดสีแน่น มีกลิ่นหอมละมุน,23,5
459,154,,แห้งไปหน่อย,34,5
460,154,,สีสวยมากค่ะ,35,5
461,154,,ปลื้มลิปสติกสีนี้มากเลยค่ะ #Ruby woo สีสวย ติดทน ชอบสุดๆ,-1,2
462,154,,สีแดงร้อนแรงได้ใจไม่ผิดหวัง,38,5
463,154,,สีสวย ชัด,34,5
464,154,,ถูกใจมากๆ เป็นคนผิวคล้ำ ทาออกมาไม่ดำแถมสวยมากๆ,28,5
465,154,,สีสวยดีอ่ะค่ะ ติดดีมากค่ะ ชอบ,30,5
466,155,ใช้ดี สีโอเค,คุณภาพโอเค สำหรับใครที่อยากได้สีเจ็บๆ แต่รู้สึกวันที่ใช้ต้องหน้าไม่ศพ เคยใช้วันที่หน้าป่วย แล้วแบบ เหมือนผีบ้า,27,4
467,155,,สีสวยได้ใจเลยค่ะ,-1,5
468,155,,สีติดทนสุดๆ,26,5
469,155,,สีสวย ติดทน,-1,5
470,155,,สีสวยค่ะ,47,5
471,155,,สีม่วงเกินไป อยากให้ชมพูกว่านี้,-1,3
472,155,,สีแซ่บบบค่ะ ทาปุ๊บบ เจิดค่ะ,28,5
473,155,,ชอบมาก,34,5
474,155,,สีติดทนดีมาก,27,5
475,155,,สีสดมาก เนื้อดี  ไม่ผิดหวัง,28,5
476,156,ดีค่ะ,ดีค่ะแต่รู้สึกว่าติดไม่ค่อยทน...ชุ่มชื้นปากดี,22,3
477,156,.,สีสวยค่ะ,20,5
478,156,,ได้รับของเร็วมากค่ะ,28,5
479,156,,สีเฉียบมากก คมกริบ,25,4
480,156,,ติดทนค่ะ แต่สีออกส้มอ่อนไปนิดหน่อย,26,5
481,156,,ของส่งถึงไวค่ะ Packageห่อดีมากๆ สี Lip สวยทาแล้วดูเด็กลง ดูสดใสๆๆ ใช้ดี ปากไม่ลอกหรือแพ้ ควรมีติดไว้ประจำตัวเลยน้าาา,26,5
482,156,,pigment แน่น กลบสีปากมิด เนื้อลิปชุ่มชื้นกำลังดี,31,5
483,156,,สีสวยดีค่ะ..สีส้มออกพีช,-1,5
484,156,,สีสวยมากกกกกก คนผิวขาวต้องจัดสักแท่ง แต่คนผิวสองสีถึงคล้ำเขียนขอบปากก่อน รังรองสวนเด็ด  ปล.เนื้อโอเคนะเเต่เราใช้แล้วเปนคราบ ตกร่อง 555555,26,5
485,156,,สีสวย..ชอบๆ,38,5
486,156,,สีสวยมาก,-1,5
487,156,,สีสวยติดทนพอควรให้8.5เต็ม10เลย,22,5
488,156,,สีสวยมาก ติดทน ริมฝีปากชุ่มชื่นดีด้วย,40,5
489,156,,ลิปสติกเนื้อนุ่มสีสวยมากค่ะ ใช้ได้กับลุคการแต่งหน้าได้ทุกๆ วันค่ะ สีนี้แนะนำเลยค่ะ,-1,5
490,156,,สีสวยมากกกกกกก กลิ่นหอมด้วย :),-1,5
491,157,,ดีคะ,26,5
492,158,,ดีคะ,26,5
493,160,ชอบ,สีสวย,-1,5
494,161,,สีสด ติดทน สมแล้ว,33,5
495,161,,สีสวยค่ะ,21,5
496,161,,สีสวยมาก,29,5
497,161,,สีสวยค่ะ..ติดทนนานค่ะ,31,5
498,161,,ส้มนี้ที่รอคอย,33,5
499,165,,สีสวยมาก,-1,5
500,165,,สีสวยถูกใจมากเลย,24,5
501,166,,ทาแล้วไม่ตกร่อง และไม่ทำให้ปากแห้ง ดีใช้ได้เลย โทนสีสวยดี,-1,5
502,166,,สีสวยดีค่ะ,28,5
503,166,,สีสวยมากค่ะ,37,5
504,166,,ชอบมาก สีสวยหวานๆค่ะ,27,5
505,166,,สีสวยมากกกก ชอบๆๆๆ,30,3
506,166,,สีสวยดีค่ะ,22,5
507,166,,ชอบมากค่ะ,31,5
508,166,,ลิปสีเเน่นมากคะ,27,5
509,166,,ติดทน สีสวย สมชื่อ MAC ค่ะ,-1,3
510,166,,ปลื้มมมม สีสวยมากชมพูนู้ดๆ ชุ่มชื้น เหมาะกับคนปากแห้งที่สุดค่ะ,26,5
511,167,ลิปสติก,สีสวยติดทนนาน,-1,5
512,167,สีสวย,ติดทน ค่อนข้างแห้ง กลิ่นไม่หอม,32,5
513,167,,ซื้อ แท่งที่สอง รักมากสีนี้ ชมพูไม่นู๊ดไป สุภาพ ดูผู้ดี เป็นสาวหวาน น่ารัก ๆ,27,5
514,167,,สีชมพู สวยมาก ไม่เข้ม ผิวสองสีทาได้ เป็นสียอดฮิตตลอดการ ปลื้มมากกกกกค่ะ,27,5
515,167,,สีหวาน สวยดี,-1,5
516,167,,ชอบนะ แต่เนื้อแมชไม่เข้ากับเราเท่าไร,36,5
517,167,,สีโดนใจ,30,5
518,167,,ใช้ดีคะ สีดิดทนดีมากก,28,5
519,167,,สีชมพูนมแบบสุภาพ.. ไม่แป๊ดมากก กลิ่นหอมดีค่ะ เม็ดสีแน่น สีติดทน คุณภาพดีตามแบรนด์ แต่ไม่ชอบเท่าไหร่ เพราะทาแล้วไม่เหมาะกับผิวสองสีค่ะ ลอยๆยังไงไม่รุ  ถ้าคนผิวขาวใช้น่าจะน่ารักดีค่ะ,27,5
520,167,,ส่งเร็วแพ็คดีมาก สั่งเย็นวันที่ 19 วันที่ 21 เที่ยง ได้รับของแล้ว สีสวยถูกใจมากคะ ปาดทีเดียวรู้เรื่อง แต่แนะนำให้สครับและบำรุงปากอย่างดีเป็นประจำทาแล้วปากจะได้ไม่แห้ง ทาแล้วสวยคะ ชอบมากๆๆๆ จะตามสอยสีต่อๆไปแน่นอน,23,5
521,167,,ใช้ดีสีสวยโดนใจมากค่ะ,-1,5
522,167,,สีสวยมากกก,24,5
523,167,,ชมพูหวานๆ สวยค่ะ,21,5
524,167,,เป็นลิปเนื้อแมทที่ทาแล้วไม่ลอกเป็นขุย เม็ดสีชัดเจน มีกลิ่นวนิลาอ่อนๆ,32,5
525,167,,ชอบมากเลยค่ะ,-1,5
526,167,,สีสวยดี,27,5
527,167,,ยี่ห้อนี้การันตีคุณภาพอยู่แล้ว สีสวยน่ารัก สีแน่นกลบสีปากมิด กลิ่นหอมอ่อนๆชอบ แต่ต้องบำรุงปากดีๆ เพราะใช้แล้วMatteมาก แห้งจริงไรจริง,36,5
528,167,,สีสวยมากกก,-1,5
529,167,,สีน่ารักมากราคาถูกชอบค่ะ,-1,5
530,167,,สีสวยมากก,-1,4
531,167,,ดีงาม สีสวยติดทน,32,5
532,167,,งามค่ะ ทาแล้วใสๆ,26,5
533,167,,สีสวย เหมาะกับลุคแต่งตัวหวานๆ แต่ลิปแมตมากจริงๆค่ะ,29,5
534,167,,สีสวยเนื้อดี,41,5
535,167,,สวยค่ะ,32,5
536,167,,สีสวยค่ะ,26,4
537,167,,เนื้อสีไม่แน่นเท่าไหร่ ทาแล้วไม่ค่อยติด,-1,5
538,167,,สีโปรด ทาได้ทุกวัน,28,5
539,167,,สีสวยมาก,31,5
540,167,,สีสวย ทาง่าย,-1,5
541,167,,เป็นสีประจำตัวไปแล้ว คือมันสวยมาก ใช้ได้ทุกวันทุกโอกาส,-1,5
542,167,,สีสวยมากค่ะ แต่ต้องทาลิปมันก่อนนะคะ ถ้าเป็นคนปากแห้ง,28,5
543,167,,สีมันชมพูกว่าที่คิด แต่ก็ใช่ได้ค่ะ โอเครเลย,29,4
544,167,,ดีมากค่ะ,29,5
545,167,,ติดทน สีสวย สมชื่อ MAC ค่ะ,-1,5
546,167,,ใช้ทาไปเรียนทุกวัน สีน่ารักมากค่ะ,23,5
547,167,,สำหรับเราไม่นู๊ดอ่ะ เป็นชมพูกุหลาบน่ะ,31,5
548,167,,สีสวยเป็นธรรมชาติติดทนนานนนนน ชอบค่ะ,-1,5
549,167,,ชอบมาก ตอนแรกเห็นสีมันออกชมพู ไม่กล้าทา เพราะเป็นผู้ใหญ่แล้ว กลัวจะโดนว่า แอ๊บแบ๊ว ซื้อมาลองทา ตอนแรกๆก็ทาบางๆ เอ๊ะ!สีสวยสี คราวนี้ลองลงเข้มๆดู อืมก็สวยนี่นา ไม่น่าเกลียดอะไร สีไม่โดด ไม่ลอย ชอบมาก ตอนนี้ใช้สีนี้ประจำเลย,44,5
550,167,,เม็ดสีแน่น สีออกชมพูระเรื่อ ส่วนตัวคิดว่าสีนี้เหมาะกับผู้ใหญ่วัยทำงาน,25,5
551,168,ผู้ดีมากกกกก,ของดี ไม่ต้องพูดอะไรมาก สีนี้ไปได้ทุกงาน,-1,5
552,168,รีวิว,ชอบสีสวย,22,5
553,168,.,สีสวยมากค่ะ,20,5
554,168,สีสวย,สีสวยดี,31,5
555,168,สีสวยติดทน,ซื้อมากใช้ได้หลายเดือนแล้วแต่ยังไม่ได้รีวิวแต่บอกเลยของเค้าดีจิงๆๆสีสวยคมชัดติดทนแต่ตินิดเดียวตรงที่ทาแล้วมันเห็นร่องปากทีไม่เงาค่ะ^^,28,4
556,168,สีสวย,สีสวยมากกก แห้งมากกก คนริมฝีปากแห้งต้องบำรุงริมฝีปากดีๆ,-1,4
557,168,mac kinda sexy,สีสวยมากค่ะ ไม่นู้ดไป ไม่เข้มไป แล้วก็ติดทนมาก ทานข้าวสีก็ไม่จางไปมาก,22,4
558,168,ลิปสติก,สีสวย,49,4
559,168,,สีสวย สุภาพ ถูกใจมากค่ะ =],-1,5
560,168,,สีสวยมากค่ะ ติดทนดี แต่เป็นคราบนิดหน่อย,22,5
561,168,,สีสวยถูกใจมากค่ะ ใช้ได้ทุกโอกาส ไม่เข้มไป ไม่อ่อนไปจนดูป่วย เนื้อลิปทาแล้วไม่แห้งมาก สบายปากอยู่นะคะ,26,5
562,168,,สีสวยมาก ถูกใจ,31,5
563,168,,ไม่เป็นคราบ แต่สีอ่อนไปนิดค่ะ,-1,5
564,168,,สีเหมาะกับสีปากดีค่ะ สวยๆ,-1,5
565,168,,สีสวยมากๆๆ,26,5
566,168,,สีสวยค่ะ,27,5
567,168,,เนื้อแห้งไป  ไม่ค่อยได้ทาเลย,26,5
568,168,,ไม่เหมาะกับคนผิวคล้ำแย่างเราเลยอ่ะ แต่แก้โดยการทาลิปสีข้างใน ก็สวยไปอีกแบบน่ะ,25,5
569,168,,สีสวยในตำนาน สีติดดีมากๆ,21,5
570,168,,ลิปเนื้อแมตจริงๆ อาจต้องทาลิปมันก่อนในคนที่ปากแห้ง แต่สีสวยหวานเลย,23,5
571,168,,สีสวยมากค่ะ,37,5
572,168,,สีโปรดคะ ที่เค้าเต้อหมด ใช้มา 3 แท่งละ เหมาะกะ ทุกสไตล์,26,5
573,168,,เป็นสีสุภาพ เหมาะกับ Everyday look ค่ะ,24,5
574,168,,ดีมากสมราคา เนื้อแมทเนียนเรียบ ขนาดปากแห้งยังรู้สึกว่าใช้ได้,-1,5
575,168,,my favorite lip <3,24,5
576,168,,อันนี้ไอเทมโปรดเลย สีชัดมาากเหมาะกับสาวผิวสองสีอย่างเรา เลิฟฟฟฟ,19,5
577,168,,สีนู้ด สวยมาก,38,5
578,168,,สวย,-1,5
579,168,,สีสวยค่ะ,26,5
580,168,,สีสวย,27,4
581,168,,สีสวยดี,32,5
582,168,,สีสวยมาก ชมพูมากเมื่ออยู่บนปากเรา เนื้อแมท แต่ปากไม่แห้ง,39,5
583,168,,สีสวย,20,5
584,168,,Must have item เลยค่ะ ลิปติกสีนี้.,28,5
585,168,,คือมันดีอ่ะ แต่มีเรื่องให้น่าเจ็บใจนิดนึงคือ โดนขโมยอ่ะเจ็บใจมาก แล้วลิปนี้เป็นลิปลูกรักเลย เจ็บใจสุดๆT^T,22,5
586,168,,ปลื้มปริ่มกับสีนี้มว้ากกกก ดีงามมากค่ะ สวยเลอค่าสุดๆ,22,5
587,168,,สีสวย เหมาะกับสาวผิวคล้ำมาก,-1,5
588,168,,สีสวยคะ  ติดทนดี,38,5
589,168,,สวยสุดใจ   จริงๆ   เรียบ แน่น ติด เนี๊ยบ,44,5
590,168,,สีสวย น่ารักดีแบบใสๆกลบสีปากดีค่ะ,1,5
591,169,,ได้ของเร็วดีคะ,43,5
592,169,,สีสวยดีมาก แต่ติดไม่ทนเพราะเป็นเนื้อครีม แต่สีอ่อนคนปากดำไม่แนะนำเพราะกลบสีปากไม่มิด,18,5
593,169,,สีสวยใสๆ ชุ่มชื่น กลิ่นหอมอ่อนๆ ถูกใจค่ะ,-1,5
594,169,,ดีมากกก,20,5
595,169,,สีสวยแต่ติดไม่ค่อยทน แอบไม่เข้ากับผิวนิดหน่อย แต่เนื้อดี ทาแล้วเนียน ไม่ตกร่อง,-1,4
596,169,,สีสวยมากๆคร่าา,29,5
597,169,,สวยมากกก,-1,5
598,169,,ลิปสีสวยค่ะ แต่ติดไม่ค่อยทนต้องเติมบ่อย,-1,2
599,169,,ลิปสติกสีสวยค่ะ ทาแล้วปากชุ่มชื่นค่ะ,38,4
600,169,,สีไม่เหมือนเท่าไร,-1,4
601,169,,สีติดทน,31,1
602,169,,สวยมากค่ะ,29,5
603,169,,สีหวานชอบมากค่ะ,41,5
604,169,,เรื่องสีสวยนะ แต่ไม่ค่อยดีสำหรับคนที่ปากแห้ง เหนรอยแตกชัดเลย,22,5
605,169,,เนื้อเนียน สีอ่อนๆ ต้องใช้กับทินท์ หรือเวลาแต่ง smoky eye ค่ะ,-1,5
606,169,,สีสวยมากค่ะ แต่คนปากคล้ำทาตัวนี้ลงเดี่ยวๆ อาจจะไม่เห็นสีเท่าไร,-1,5
607,169,,สีสวยสดใสดีค่ะ ใช้ได้ทุกวัน...,29,4
608,169,,ลิปวาวๆ สีสวยย,30,5
609,169,,สีสวยเนื้อลิปเนียมค่ะ,-1,5
610,169,,สีสวยมากครับ อีกอย่างรู้สึกชุ่มชื่นกว่าลิปอื่นที่เคยใช้ ไม่เสียใจที่ซื้อเลย,35,5
611,169,,สีสวยโดนใจมากๆๆๆ ออกชมพูเหลือบส้มนิดๆ ติเรื่องไม่ค่อยทนนานเท่าเนื้อแมตแต่ก็ถือว่ายังทนอยู่,22,5
612,169,,สีสวยมากกกก,-1,5
613,169,,สีสวยคะ,-1,5
614,169,,งามมาก สีชมพูอ่อน พิกเม้นไม่แน่นนะลิปเนื้อใสๆมีวิ้งๆเล็กน้อย,27,5
615,169,,เริศ,29,5
616,169,,สีสวยโอเคค่ะ,20,3
617,169,,สีสวยโดนใจ,51,5
618,169,,สีสวยมากค่ะ ถูกใจ,40,5
619,169,,ใช้ลิปMac อยู่หลายสี เห็นแล้วใช่เลยแท้แน่นอน ส่งของเร็วทันใจ แพคของดีเยี่ยมไม่บุบสลายค่ะ,36,5
620,169,,สีสวยติดทน,45,5
621,169,,สีสวยแต่ไม่ค่อยถูกกับรุ่นนี้เท่าไหร่,28,5
622,169,,เนื้อลิปละเอียด สีสวย แต่ไม่อยู่ไม่นาน,37,5
623,169,,สีสวยมากค่ะ แต่ติดไม่ค่อยทนเท่าเนื้อแมตเลยอ่า,-1,4
624,169,,เฉย!,31,5
625,169,,สีสวยดีค่ะ แต่รู้สึกตอนทาออกมาสีไมม่ค่อยเหมือนแบบรีวิวเท่าไหร่,26,4
626,169,,สีสวย ติดทน,-1,5
627,169,,สีสวยคะ เนื้อดีด้วยคะ,40,5
628,169,,สีสวยติดทนมาก ชอบค่ะ,-1,5
629,169,,สีสวยมากกกกค่ะ ทาแล้วจะเงาๆชุ่มชื่นนิดนึงเพราะเป็นCremesheen,25,5
630,169,,สีสวย  ติดทน คุ้ม,-1,5
631,170,,สีสวยมากกกก,27,5
632,170,,ชิ้นนี้ซื้อให้ของขวัญพี่สาวค่ะ. สีชัด สีโดนใจมากค่ะ,31,5
633,170,,เม็ดสีแน่น แต่ทาจริงๆ ป่กซีด ป่วย,30,3
634,170,,ได้รับของประมาณ 3 วัน สินค้าปกติดี,41,5
635,170,,ชอบมากกกก,47,5
636,170,,ชอบคะ สีชมพูสวยดี,32,5
637,170,,สีสวย แต่ไม่ค่อยเข้ากับเรา,27,5
638,170,,สีชมพูอมม่วงจืด ๆ คนขาวเหลืองทาแล้วปากป่วย  ต้องผสมสีอื่นจึงจะออกมาสวย  คนผิวคล้ำไม่แนะนำค่ะ,48,3
639,170,,สีหวานมาก,34,4
640,170,,สีสวยมากกก ติดทนนาน,33,5
641,170,,สีสดสุดๆ ไม่ผิดหวังเลย,28,5
642,170,,สีสวยมากค่ะ,-1,5
643,171,,ใช้ดีมากกก โคตรชอบ ถูกและดีมีอยู่จริง สำหรับคนปากแห่งต้องลงลิปบำรุงก่อนนะ,-1,5
644,171,,ดีค่ะ,37,5
645,171,,สีสวยมาก,30,3
646,171,,สีสวย หวาน ทาได้ทุกวันทุกโอกาสค่ะ,21,5
647,171,,สีสวย,31,5
648,171,,ห่อดีมาก สินค้าสมบูรณ์ ไม่มีเสียหายแม้แต่น้อย ชอบๆ ^^,-1,4
649,171,,dddd,29,4
650,171,,สีสวย ติดทนนาน,50,5
651,171,,สีสวยหวาน แต่กลบสีปากไม่ค่อยมิด ต้องทาหลายรอบหน่อย,30,3
652,171,,สีสวยหวาน  แต่ติดไม่ทน  เนื้อลิปเหมือนลิปมันมีสี,48,3
653,171,,สีหวานสวย จนอยากได้อีกแท่ง,30,5
654,171,,สีสวยดีคะ,29,5
655,171,,สีสวยค่ะ ครีมมี่มากๆเลย แต่อาจเป็นเพราะเป็นเนื้อครีมเลยต้องทาหลายรอบหน่อย เหมาะกับคนปากแห้งง่าย แนะนำเลยค่ะ ทาแล้วปากไม่แห้ง ไม่ลอกแน่นอนค่ะ,37,4
656,171,,สั่งซื้อ โอนเงินเรียบร้อย มีเมล์มาบอกว่าของหมด รู้สึกแย่,42,5
657,171,,สีสวยมากค่ะ ชมพูสวยสีติดดีนะถ้าล้างต้องใช้ที่เช็ดสำหรับปากนะไม่งั้นออกยากค่ะ,31,5
658,172,ไม่ถูกใจ,สีไม่ติดเลย,41,5
659,172,,สีติดทนทานมากคะ,-1,5
660,172,,สีสวยดี,42,5
661,172,,สีส้มสวย กลบสีปากมิด เนื้อนุ่มลื่นให้ความชุ่มชื้นดี แต่ติดทนน้อยกินข้าวครั้งเดียวก็หลุดแล้ว,39,5
662,172,,แซ่บเว่อร์,-1,5
663,172,,สีสวยมากกกกกกกกกก ส้มได้อีก,27,5
664,172,,สีส้มสวยมาก,39,5
665,172,,สีแซ่บมาก,32,5
666,172,,MY FAVORITE ITEM & COLOR! I LOVE IT!!! THANKS FOR SPACIAL PRICE ♥,26,5
667,172,,สีติดทนนานดีคะ,38,2
668,172,,สีจี๊ดถูกใจมาก,-1,5
669,172,,สีส้มออกแดงค่ะ แต่ก้อสวยยย,31,5
670,172,,สีสวยมากคะ,-1,5
671,172,,สีสวยมากมาย,41,5
672,172,,สีส้มแจ่มมาก สีติดดี,33,5
673,172,,สีสดมากๆ,-1,5
674,172,,ถูกใจค่ะ ปากไม่แห้งลอกเป็นขุ่ยเลย สีสวยด้วยได้ใจไปเลย,28,5
675,172,,ซื้อแมคทีไรไม่เคยผิดหวังเลยค่ะ ชอบสีนี้มาก,31,5
676,172,,ส้มมว้ากก เจิดสุดต้องมี,27,5
677,172,,ใช้ดีเว่อร์ ติดทนนาน สีสวย ออกส้มอมแดงนิดหนึ่ง สวยมากๆค่ะ,35,5
678,172,,ลิปสีสวยมาก,35,4
679,172,,สีสดชัดมากๆ ติดทนตลอดทั้งวันเลยค่ะ,56,4
680,172,,ตัวนี้ตอบโจทย์ แต่แอบออกไปทางแดง,31,5
681,172,,สีสดมาก,28,5
682,172,,สีสวยมาก,36,3
683,172,,สีสวยค่ะ,34,5
684,172,,เริ่ด สีเหมือนในรูปเป๊ะๆๆๆ,31,5
685,172,,สีสวยมากๆๆ ติดทนนานอีกด้วย,28,5
686,173,สีสวย,สีสวย เนื้อแมท,34,4
687,173,Lip Mac,MAC สีในตำนาน สั่งเพื่อออกงานปาร์ตี้ที่บริษัท สีแดงอมฟ้า ติดทนนาน สวยสะพรึง เริ่ด,-1,5
688,173,สีสวยมาก,สีสวยมาก,24,5
689,173,,เพิื่อนฝากซื้อค่ะ สีออกไปทางคนมีอายุนิดนึง,29,5
690,173,,สีสวยค่ะ,21,5
691,173,,สีสวยแจ่ม เนื้อละเอียด กลิ่นหอม เริ่ดมากกก,-1,5
692,173,,แน่น สีดังของแมคอยู่แล้ว ของส่งไว ไม่ผิดหวัง,22,5
693,173,,เนื้อสีชัด สีติดทนนาน แดงตั้งแต่เช้าย้นค่ำ รักเลยคะ,27,5
694,173,,สีแซบบบบ,30,5
695,173,,สีสดมากๆค่ะ ชอบๆๆ,39,5
696,173,,แดงสวย,31,5
697,173,,สีสวยถูกใจ,41,5
698,173,,ซื้อแมคทีไรไม่เคยผิดหวังเลยค่ะ,31,5
699,173,,ชอบค่ะ สีสวยมาก :D,25,5
700,173,,สีสวยมาก สดมาก แดงได้ใจจริงๆ,29,5
701,173,,สีเริ่ดมาก,34,5
702,173,,❤️❤️❤️,25,5
703,173,,ใช้ดีติดทน สีชัดเจนมาก แหล่มเบย,25,2
704,173,,รักฝุดๆ,-1,4
705,173,,❤️❤️❤️,25,5
706,174,,สีชมพูนู๊ด น่ารักมากค่ะ,39,5
707,174,,เนื้อเนียนสู้ LM ไม่ได้ค่ะ,43,2
708,174,,ส่งของรวดเร็วดีคะ ราคาถูกกว่าในช็อปด้วย เเถมสบายใจได้ด้วยว่าของเเท้เเน่นอน 100% :)),23,5
709,174,,สอยมาตอนโปร สีสวย ชอบๆ,31,5
710,174,,เนื้อดี แต่ผิวคล้ำ ทาแล้วรู้สึกลอยๆ,35,5
711,174,,สีสวยมากค่ะ match กะคนผิวสองสีอย่งเรา อิอิ,38,5
712,174,,ชอบ!,31,5
713,174,,สีสวยค่ะ ออกนู๊ด,34,5
714,174,,สีอ่อนโทนนู๊ดนิดๆ แต่ปากเราสีคล้้ำไป กลบไม่หมดเท่าไหร่คงต้องลงรองพื้นก่อน แต่สีสวยดีอะ ธรรมชาติๆ :),26,4
715,174,,เนื้อสีดูเนียนดี แต่ต้องรอใช้ก่อน จะดูว่าติดทนนานแค่ไหน อิ อิ ปกติเรากินอะไรไม่ค่อยระวังอยู่แล้ว เลยต้องซื้อใช้ดู,51,5
716,175,ลิปสติก,ติดทน,-1,5
717,175,,สีสวยค่ะ ติดทนระดับนึงเลย,29,5
718,175,,ต้องผสมกับสีอื่น จะสวยมาก,35,5
719,175,,สีสวย เนื้อสีดี ออกแนวสุภาพ,28,5
720,175,,สีสวยดีค่ะ,37,5
721,175,,สีสวยค่ะ,34,4
722,175,,ได้รับสินค้าเร็วมาก,35,4
723,175,,สีสวย ติดทน,24,5
724,175,,เม็ดสีแน่นมาก สวยค่ะ,36,5
725,175,,สีสวยมากค่ะ ชอบมากที่สุดเลย มีแต่คนถามหา แต่หมดแล้ว อยากให้มาอีกค่ะ,-1,5
726,175,,เนื้อสีชัด เกลี่ยง่าย ตอนเปิด-ปิดฝา ต้องระวังเลอะ แต่ราคาน่าคบค่ะ,27,5
727,175,,สีสดมาก เอามาผสมกับสีอื่น,31,5
728,175,,สีส้มสวยค่ะ,34,4
729,175,,สีสวยมาก,31,5
730,175,,สีสวย  แอบตกร่อง สีเหลือบ้างหลังทานข้าวแล้ว,43,4
731,175,,สีสวยค่ะชอบสุดๆๆซื้อเป็นแท่งที่2ละ ได้รับของเร็วมากค้ะ,31,5
732,175,,สี A Must Have ค่ะ ><,-1,5
733,175,,สีสวย!!!!,-1,5
734,175,,เป็นลิปสีส้มที่สวยมาก ใช้ง่ายหลายโอกาสค่ะ,32,5
735,175,,สีสวยมากก เม็ดสีชัด,28,4
736,175,,สีสวยมากค่า. ส้มแบบไม่แจ๊ด ไม่อ่อนไป,32,5
737,175,,สีสวยออกส้มนม,42,5
738,175,,สีสวยดีค่ะ,30,5
739,175,,❤️❤️❤️,25,5
740,176,สีโอเค ติดทน ทาลิปมันก่อนใช้,ใช้ดีไม่ตกร่องเท่าไร สีติดทน ไม่ต้องทาซ้ำบ่อย,27,4
741,176,,เนื้อเนียนดี ทาเรียบ สีสวยถูกใจค่ะ,54,5
742,176,,MAC ก็คือ MAC ค่ะ เริศดี,27,5
743,176,,สีสวยโดนใจ,31,4
744,176,,สีสวยมากค่ะ,34,4
745,176,,แจ่ม,22,5
746,176,,สีสวยมากคะ....ได้รับสินค้ารวดเร็ว แพคเกจ ก่ดีมาก   ชอบๆๆๆๆคะ,-1,5
747,176,,สีสวย,32,5
748,176,,สีแซ่บลืม,24,5
749,177,,สีสวยคะ,36,5
750,177,,อยากใช้ค่ะสั่งไปละ รอๆๆๆ,34,5
751,177,,สิปสีสวยมากๆเลยค่ะ,29,5
752,177,,สีสวยมากเลยค่ะ ชอบมาก,21,5
753,177,,สีสวยมาก,27,5
754,177,,ตัวนี้สีเป็นพีชอมชมพู ไปทางติ่งส้มอมชมพู สีสวยมว๊าาาก,34,5
755,177,,ไม่ผิดหวังกับลิปของแม็ค,31,5
756,177,,สีสวยแต่ปิดสีปากไม่มิด เราสีปากคล้ำ ชุ่มชื่นดี,43,3
757,177,,เนื้อบางไปหน่อยค่ะ,30,5
758,177,,บอกดั้ยคำเดวว่า เริ่ดดดด มากกก สีปากสวยและทนดีค่ะ รู้สึกคุ้มมากกับราคาที่ซื้อมา,28,5
759,177,,สีสวยค่ะ,34,5
760,177,,ได้สินค้าผิดสีค่ะ ส่งกลับไปเปลี่ยนแล้วของก็หมด ได้เป็นคอนวี่เครดิตคืนมาแทน เซ็งเลย,26,1
761,178,,สีส้มอ่อนๆ ใสๆ,27,5
762,178,,กลิ่นหอม แต่ติดไม่ทนค่ะ,36,5
763,178,,ดีคะ,-1,5
764,178,,สีสวยมาก สีไม่จัดเกินไป ออกส้มชมพู,-1,5
765,178,,ดีมากค่ะ,29,3
766,178,,ติดทน สีสวย สมชื่อ MAC ค่ะ,-1,3
767,178,,เนื้อดีติดทนนานค่ะ,41,5
768,178,,สีสวยดี,34,5
769,178,,ได้ของเร็วกว่าที่คิดไว้...ลิปสีสวยถูกใจค่ะ,49,5
770,181,,สีสวยค่พ,-1,5
771,182,ลิป,สีสวยมากๆค่ะติดทนทั้งวัน สีลิปออกแดงชมพูเข้มน้า,-1,5
772,182,สีแน่น,เริ่ด,-1,5
773,182,,ชอบมากค่ะ,34,4
774,182,,สีสวยถูกใจค่ะ,35,5
775,183,,คือดีงามมากๆค่าาา  เลอค่ายิ่งกว่าอะไรทั้งหมดทั้งมวล,23,5
776,183,,สีสวยมากค่ะ ถูกใจสุดๆๆ,-1,5
777,183,,สวยสดงดงามปลื้มสุดๆ,-1,5
778,184,MAC Satin Lipstick Rouge A Levres 3g #Steady Going,สีสวยถูกใจค่ะ,-1,5
779,184,,ผิดหวังสีอ่ะ ไม่เหมือนในภาพ แต่เอามาผสมกับสีแดงใสๆ ก็งามไม่น้อย,-1,3
780,185,,ชอบค่ะ สีแรงดี แต่ติดไม่ทนเท่าไร,31,5
781,185,,สีสวยหวาน สาว พาสเทลชอบค่ะ,27,5
782,185,,สีสวยดีคะ,25,5
783,185,,สีสวยงาม,33,5
784,185,,สีสวยมาก สีออกโทนนู้ดอมส้มค่ะ,45,5
785,185,,สีสวย ชอบมาก,-1,5
786,186,,สีสวยททาแล้วหน้าสว่าง,50,5
787,186,,สีสวย ถูกใจ ติดทน,-1,5
788,186,,สีสวย ทาแล้วไม่ค่อยติดเท่าไหร่,26,5
789,186,,สีสวย แต่ไม่ติดทนนาน,40,5
790,186,,สีสวยดีค่ะ สมกับคุณภาพ ถ้าใครชอบสีลิปแบบสุภาพ แมคสีนี้ถือว่าโอเคเลยค่ะ,25,4
791,186,,สีสวยโดนใจ ทาได้ทุกโอกาส,31,5
792,186,,สีสวยค่ะ,34,5
793,186,,สีสวยค่ะ,32,5
794,188,,สวยมากเลยค่ะ,33,5
795,189,,ใช้ดีค่ะ,34,5
796,189,,ใช้ดีมากค่ะ แตะนิดเดียวแต่สีชัด ปิดสีปากเดิมได้ค่อนข้างดี ลงแก้มก็เกลี่ยง่าย ใช้น้อยๆ ดูแก้มแดงเป็นธรรมชาติ ระหว่างวันก็มีเติมบ้าง ครั้งหรือวันไหนลุยๆหน่อยก็สองครั้งอยู่!,22,5
797,189,,ใช้ทาปากไม่เป็นคราบค่ะ ออกจะทายากนิดนึง,33,5
798,189,,ดีค่ะะะะะะะะะ,31,2
799,189,,สีสวยดี,45,5
800,191,,สีสวย,35,5
801,191,,สีชัดเจน,41,5
802,191,,สีน่ารักมากก เหมาะกับสาวๆผิวขาว แต่ถ้าใช้หน้าร้อนเยิ้มแน่,27,5
803,192,,สีสวย ติดทน ทาแล้วปากชุ่มชื่นดี,45,5
804,192,,สีสวยมาก,26,1
805,193,,ดีมาก,29,5
