"1","NYX Soft Matte Lip Cream # SMLC12 - BUENOSAIRES","NYX","ลิปแมตต์เนื้อครีมที่ได้รับความนิยมสูงสุด! เนื้อลิปนุ่มละมุนและให้ความชุ่มชื่นสู่ริมฝีปากมากกว่าลิปแมตต์อื่นๆ","http://www.konvy.com/static/team/2016/1110/14787537247101_280x280.jpg","lipstick"
"2","NYX Soft Matte Lip Cream # SMLC04 - LONDON","NYX","ลิปแมตต์เนื้อครีมที่ได้รับความนิยมสูงสุด! เนื้อลิปนุ่มละมุนและให้ความชุ่มชื่นสู่ริมฝีปากมากกว่าลิปแมตต์อื่นๆ","http://www.konvy.com/static/team/2016/1110/14787535439902_280x280.jpg","lipstick"
"3","NYX Soft Matte Lip Cream # SMLC22 - MOROCCO","NYX","ลิปแมตต์เนื้อครีมที่ได้รับความนิยมสูงสุด! เนื้อลิปนุ่มละมุนและให้ความชุ่มชื่นสู่ริมฝีปากมากกว่าลิปแมตต์อื่นๆ","http://www.konvy.com/static/team/2016/1110/14787541547309_280x280.jpg","lipstick"
"4","NYX Velvet Matte Lipstick # VMLS08 - DUCHESS","NYX","ลิปสติกเนื้อแมตต์ที่คงความชุ่มชื่นให้ริมฝีปากตลอดทั้งวัน  เฉดสีใหม่ที่สวยโดดเด่นและหรูหรา เปลี่ยนริมฝีปากซีดจางให้สดใสชวนสัมผัส","http://www.konvy.com/static/team/2016/1110/14787623896562_280x280.jpg","lipstick"
"5","NYX Soft Matte Lip Cream # SMLC33 - MANILA","NYX","ลิปแมตต์เนื้อครีมที่ได้รับความนิยมสูงสุด! เนื้อลิปนุ่มละมุนและให้ความชุ่มชื่นสู่ริมฝีปากมากกว่าลิปแมตต์อื่นๆ","http://www.konvy.com/static/team/2016/1110/14787602372402_280x280.jpg","lipstick"
"6","NYX Soft Matte Lip Cream # SMLC11 - MILAN","NYX","ลิปแมตต์เนื้อครีมที่ได้รับความนิยมสูงสุด! เนื้อลิปนุ่มละมุนและให้ความชุ่มชื่นสู่ริมฝีปากมากกว่าลิปแมตต์อื่นๆ","http://www.konvy.com/static/team/2016/1110/14787537036826_280x280.jpg","lipstick"
"7","NYX Soft Matte Lip Cream # SMLC05 - ANTWERP","NYX","ลิปแมตต์เนื้อครีมที่ได้รับความนิยมสูงสุด! เนื้อลิปนุ่มละมุนและให้ความชุ่มชื่นสู่ริมฝีปากมากกว่าลิปแมตต์อื่นๆ","http://www.konvy.com/static/team/2016/1110/14787535635334_280x280.jpg","lipstick"
"8","NYX Soft Matte Lip Cream # SMLC06 - ISTANBUL","NYX","ลิปแมตต์เนื้อครีมที่ได้รับความนิยมสูงสุด! เนื้อลิปนุ่มละมุนและให้ความชุ่มชื่นสู่ริมฝีปากมากกว่าลิปแมตต์อื่นๆ","http://www.konvy.com/static/team/2016/1110/14787535873436_280x280.jpg","lipstick"
"9","NYX Soft Matte Lip Cream # SMLC20 - COPENHAGEN","NYX","ลิปแมตต์เนื้อครีมที่ได้รับความนิยมสูงสุด! เนื้อลิปนุ่มละมุนและให้ความชุ่มชื่นสู่ริมฝีปากมากกว่าลิปแมตต์อื่นๆ","http://www.konvy.com/static/team/2016/1110/14787540898190_280x280.jpg","lipstick"
"10","NYX Soft Matte Lip Cream # SMLC23 - BERLIN","NYX","ลิปแมตต์เนื้อครีมที่ได้รับความนิยมสูงสุด! เนื้อลิปนุ่มละมุนและให้ความชุ่มชื่นสู่ริมฝีปากมากกว่าลิปแมตต์อื่นๆ","http://www.konvy.com/static/team/2016/1110/14787598315810_280x280.jpg","lipstick"
"11","NYX Soft Matte Lip Cream # SMLC10 - MONTE CARLO","NYX","ลิปแมตต์เนื้อครีมที่ได้รับความนิยมสูงสุด! เนื้อลิปนุ่มละมุนและให้ความชุ่มชื่นสู่ริมฝีปากมากกว่าลิปแมตต์อื่นๆ","http://www.konvy.com/static/team/2016/1110/14787536785335_280x280.jpg","lipstick"
"12","NYX Soft Matte Lip Cream # SMLC03 - TOKYO","NYX","ลิปแมตต์เนื้อครีมที่ได้รับความนิยมสูงสุด! เนื้อลิปนุ่มละมุนและให้ความชุ่มชื่นสู่ริมฝีปากมากกว่าลิปแมตต์อื่นๆ","http://www.konvy.com/static/team/2016/1110/14787535237891_280x280.jpg","lipstick"
"13","NYX Lip Lingerie # LIPLI02 - EMBELLISHMENT","NYX","ลิควิดลิปสติกที่ได้รับความนิยมไปทั่วโลก! เมื่อทาจะเซ็ตตัวเป็นลิปแมตต์ที่ติดทนยาวนานตลอดวัน โดดเด่นด้วยโทนที่นู้ดอบอุ่นคลาสสิค","http://www.konvy.com/static/team/2016/1110/14787608332608_280x280.jpg","lipstick"
"14","NYX Liquid Suede Cream Lipstick # LSCL02 - LIFE S A BEACH","NYX","ลิปสติกเนื้อครีมกำมะหยี่เรียบลื่น เมื่อแห้งจะกลายเป็นเนื้อแมตต์ที่กันน้ำและติดทนยาวนาน มอบสีสันที่โดดเด่นมีชีวิตชีวาทุกมุมมอง","http://www.konvy.com/static/team/2016/1110/14787604401358_280x280.jpg","lipstick"
"15","NYX Liquid Suede Cream Lipstick # LSCL11 - KITTEN HEELS","NYX","ลิปสติกเนื้อครีมกำมะหยี่เรียบลื่น เมื่อแห้งจะกลายเป็นเนื้อแมตต์ที่กันน้ำและติดทนยาวนาน มอบสีสันที่โดดเด่นมีชีวิตชีวาทุกมุมมอง","http://www.konvy.com/static/team/2016/1110/14787607685165_280x280.jpg","lipstick"
"16","NYX Lip Lingerie # LIPLI05 - BEAUTY MARK","NYX","ลิควิดลิปสติกที่ได้รับความนิยมไปทั่วโลก! เมื่อทาจะเซ็ตตัวเป็นลิปแมตต์ที่ติดทนยาวนานตลอดวัน โดดเด่นด้วยโทนที่นู้ดอบอุ่นคลาสสิค","http://www.konvy.com/static/team/2016/1110/14787609238812_280x280.jpg","lipstick"
"17","NYX Matte Lipstick # MLS45 - GOAL DIGGER","NYX","ลิปสติกเนื้อแมตต์เรียบลื่น อัดแน่นทุกอณูสีที่ชุ่มฉ่ำและติดทนยาวนาน","http://www.konvy.com/static/team/2016/1110/14787618633849_280x280.jpg","lipstick"
"18","NYX Matte Lipstick # MLS13 - ANGEL","NYX","ลิปสติกเนื้อแมตต์เรียบลื่น อัดแน่นทุกอณูสีที่ชุ่มฉ่ำและติดทนยาวนาน","http://www.konvy.com/static/team/2016/1110/14787527201402_280x280.jpg","lipstick"
"19","NYX Soft Matte Lip Cream # SMLC26 - HAVANA","NYX","ลิปแมตต์เนื้อครีมที่ได้รับความนิยมสูงสุด! เนื้อลิปนุ่มละมุนและให้ความชุ่มชื่นสู่ริมฝีปากมากกว่าลิปแมตต์อื่นๆ","http://www.konvy.com/static/team/2016/1110/14787600573842_280x280.jpg","lipstick"
"20","NYX Matte Lipstick # MLS17 - SWEET PINK","NYX","ลิปสติกเนื้อแมตต์เรียบลื่น อัดแน่นทุกอณูสีที่ชุ่มฉ่ำและติดทนยาวนาน","http://www.konvy.com/static/team/2016/1110/14787528162648_280x280.jpg","lipstick"
"21","NYX Matte Lipstick # MLS03 - HIPPIE CHIC","NYX","ลิปสติกเนื้อแมตต์เรียบลื่น อัดแน่นทุกอณูสีที่ชุ่มฉ่ำและติดทนยาวนาน","http://www.konvy.com/static/team/2016/1110/14787524792208_280x280.jpg","lipstick"
"22","NYX Soft Matte Lip Cream # SMLC01 - AMSTERDAM","NYX","ลิปแมตต์เนื้อครีมที่ได้รับความนิยมสูงสุด! เนื้อลิปนุ่มละมุนและให้ความชุ่มชื่นสู่ริมฝีปากมากกว่าลิปแมตต์อื่นๆ","http://www.konvy.com/static/team/2016/1110/14787534733439_280x280.jpg","lipstick"
"23","NYX Lip Lingerie # LIPLI01 - HONEYMOON","NYX","ลิควิดลิปสติกที่ได้รับความนิยมไปทั่วโลก! เมื่อทาจะเซ็ตตัวเป็นลิปแมตต์ที่ติดทนยาวนานตลอดวัน โดดเด่นด้วยโทนที่นู้ดอบอุ่นคลาสสิค","http://www.konvy.com/static/team/2016/1110/14787608149603_280x280.jpg","lipstick"
"24","NYX Liquid Suede Cream Lipstick # LSCL21 - BROOKLYN THORN","NYX","ลิปสติกเนื้อครีมกำมะหยี่เรียบลื่น เมื่อแห้งจะกลายเป็นเนื้อแมตต์ที่กันน้ำและติดทนยาวนาน มอบสีสันที่โดดเด่นมีชีวิตชีวาทุกมุมมอง","http://www.konvy.com/static/team/2016/1110/14787614032830_280x280.jpg","lipstick"
"25","NYX Soft Matte Lip Cream # SMLC15 - ATHENS","NYX","ลิปแมตต์เนื้อครีมที่ได้รับความนิยมสูงสุด! เนื้อลิปนุ่มละมุนและให้ความชุ่มชื่นสู่ริมฝีปากมากกว่าลิปแมตต์อื่นๆ","http://www.konvy.com/static/team/2016/1110/14787537872762_280x280.jpg","lipstick"
"26","NYX Soft Matte Lip Cream # SMLC21 - TRANSYLVANIA","NYX","ลิปแมตต์เนื้อครีมที่ได้รับความนิยมสูงสุด! เนื้อลิปนุ่มละมุนและให้ความชุ่มชื่นสู่ริมฝีปากมากกว่าลิปแมตต์อื่นๆ","http://www.konvy.com/static/team/2016/1110/14787541316197_280x280.jpg","lipstick"
"27","NYX Soft Matte Lip Cream # SMLC18 - PRAGUE","NYX","ลิปแมตต์เนื้อครีมที่ได้รับความนิยมสูงสุด! เนื้อลิปนุ่มละมุนและให้ความชุ่มชื่นสู่ริมฝีปากมากกว่าลิปแมตต์อื่นๆ","http://www.konvy.com/static/team/2016/1110/14787538545563_280x280.jpg","lipstick"
"28","NYX Liquid Suede Cream Lipstick # LSCL12 - VINTAGE","NYX","ลิปสติกเนื้อครีมกำมะหยี่เรียบลื่น เมื่อแห้งจะกลายเป็นเนื้อแมตต์ที่กันน้ำและติดทนยาวนาน มอบสีสันที่โดดเด่นมีชีวิตชีวาทุกมุมมอง","http://www.konvy.com/static/team/2016/1110/14787607895312_280x280.jpg","lipstick"
"29","NYX Butter Gloss # BLG07 - TIRAMISU","NYX","ลิปกลอสเนื้อครีมเนียนเรียบ รสชาติหวานละมุนดุจคุกกี้น้ำตาล ช่วยให้ริมฝีปากดูหวานฉ่ำอวบอิ่มโดยไม่เหนียวเหนอะหนะ","http://www.konvy.com/static/team/2016/1109/14786775135838_280x280.jpg","lipstick"
"30","NYX Soft Matte Lip Cream # SMLC13 - SYDNEY","NYX","ลิปแมตต์เนื้อครีมที่ได้รับความนิยมสูงสุด! เนื้อลิปนุ่มละมุนและให้ความชุ่มชื่นสู่ริมฝีปากมากกว่าลิปแมตต์อื่นๆ","http://www.konvy.com/static/team/2016/1110/14787537479789_280x280.jpg","lipstick"
"31","NYX Soft Matte Lip Cream # SMLC16 - CAIRO","NYX","ลิปแมตต์เนื้อครีมที่ได้รับความนิยมสูงสุด! เนื้อลิปนุ่มละมุนและให้ความชุ่มชื่นสู่ริมฝีปากมากกว่าลิปแมตต์อื่นๆ","http://www.konvy.com/static/team/2016/1110/14787538093421_280x280.jpg","lipstick"
"32","NYX Matte Lipstick # MLS11 - TEA ROSE","NYX","ลิปสติกเนื้อแมตต์เรียบลื่น อัดแน่นทุกอณูสีที่ชุ่มฉ่ำและติดทนยาวนาน","http://www.konvy.com/static/team/2016/1110/14787526722120_280x280.jpg","lipstick"
"33","NYX Soft Matte Lip Cream # SMLC24 - PARIS","NYX","ลิปแมตต์เนื้อครีมที่ได้รับความนิยมสูงสุด! เนื้อลิปนุ่มละมุนและให้ความชุ่มชื่นสู่ริมฝีปากมากกว่าลิปแมตต์อื่นๆ","http://www.konvy.com/static/team/2016/1110/14787598698063_280x280.jpg","lipstick"
"34","NYX Matte Lipstick # MLS32 - SIREN","NYX","ลิปสติกเนื้อแมตต์เรียบลื่น อัดแน่นทุกอณูสีที่ชุ่มฉ่ำและติดทนยาวนาน","http://www.konvy.com/static/team/2016/1110/14787533059844_280x280.jpg","lipstick"
"35","NYX Cosmic Metals Lip Cream # CMLC01 - GALACTIC","NYX","ลิปกลอสเฉดสีจัดจ้าน เนื้อครีมเรียบเนียนมาพร้อมกับเมทาลิคประกายมันวาว เพิ่มความหลากหลายให้ริมฝีปากแวววาวระยิบระยับดูมีมิติ","http://www.konvy.com/static/team/2016/1110/14787620097488_280x280.jpg","lipstick"
"36","NYX Soft Matte Lip Cream # SMLC29 - VANCOUVER","NYX","ลิปแมตต์เนื้อครีมที่ได้รับความนิยมสูงสุด! เนื้อลิปนุ่มละมุนและให้ความชุ่มชื่นสู่ริมฝีปากมากกว่าลิปแมตต์อื่นๆ","http://www.konvy.com/static/team/2016/1110/14787601237925_280x280.jpg","lipstick"
"37","NYX Liquid Suede Cream Lipstick # LSCL13 - RESPECT THE PINK","NYX","ลิปสติกเนื้อครีมกำมะหยี่เรียบลื่น เมื่อแห้งจะกลายเป็นเนื้อแมตต์ที่กันน้ำและติดทนยาวนาน มอบสีสันที่โดดเด่นมีชีวิตชีวาทุกมุมมอง","http://www.konvy.com/static/team/2016/1110/14787611505249_280x280.jpg","lipstick"
"38","NYX Butter Gloss # BLG10 - CHEER CHEESE CAKE","NYX","ลิปกลอสเนื้อครีมเนียนเรียบ รสชาติหวานละมุนดุจคุกกี้น้ำตาล ช่วยให้ริมฝีปากดูหวานฉ่ำอวบอิ่มโดยไม่เหนียวเหนอะหนะ","http://www.konvy.com/static/team/2016/1109/14786775639573_280x280.jpg","lipstick"
"39","NYX Xtreme Lip Cream # XLC01 - DOLLY GIRL","NYX","ลิปจิ้มจุ่มเนื้อกำมะหยี่นุ่มเนียน ให้สัมผัสแวววาวแบบลิปกลอสแต่สีสวยเด่นคมชัดเหมือนลิปสติก","http://www.konvy.com/static/team/2016/1110/14787585246494_280x280.jpg","lipstick"
"40","NYX Soft Matte Lip Cream # SMLC31 - MOSCOW","NYX","ลิปแมตต์เนื้อครีมที่ได้รับความนิยมสูงสุด! เนื้อลิปนุ่มละมุนและให้ความชุ่มชื่นสู่ริมฝีปากมากกว่าลิปแมตต์อื่นๆ","http://www.konvy.com/static/team/2016/1110/14787601763332_280x280.jpg","lipstick"
"41","NYX Liquid Suede Cream Lipstick # LSCL05 - ORANGE COUNTY","NYX","ลิปสติกเนื้อครีมกำมะหยี่เรียบลื่น เมื่อแห้งจะกลายเป็นเนื้อแมตต์ที่กันน้ำและติดทนยาวนาน มอบสีสันที่โดดเด่นมีชีวิตชีวาทุกมุมมอง","http://www.konvy.com/static/team/2016/1110/14787605737605_280x280.jpg","lipstick"
"42","NYX Liquid Suede Cream Lipstick # LSCL16 - LITTLE DENIM DRESS","NYX","ลิปสติกเนื้อครีมกำมะหยี่เรียบลื่น เมื่อแห้งจะกลายเป็นเนื้อแมตต์ที่กันน้ำและติดทนยาวนาน มอบสีสันที่โดดเด่นมีชีวิตชีวาทุกมุมมอง","http://www.konvy.com/static/team/2016/1110/14787612316137_280x280.jpg","lipstick"
"43","NYX Soft Matte Lip Cream # SMLC07 - ADDIS ABABA","NYX","ลิปแมตต์เนื้อครีมที่ได้รับความนิยมสูงสุด! เนื้อลิปนุ่มละมุนและให้ความชุ่มชื่นสู่ริมฝีปากมากกว่าลิปแมตต์อื่นๆ","http://www.konvy.com/static/team/2016/1110/14787536076538_280x280.jpg","lipstick"
"44","NYX Lip Lingerie # LIPLI10 - TEDDY","NYX","ลิควิดลิปสติกที่ได้รับความนิยมไปทั่วโลก! เมื่อทาจะเซ็ตตัวเป็นลิปแมตต์ที่ติดทนยาวนานตลอดวัน โดดเด่นด้วยโทนที่นู้ดอบอุ่นคลาสสิค","http://www.konvy.com/static/team/2016/1110/14787610617102_280x280.jpg","lipstick"
"45","NYX Matte Lipstick # MLS15 - WHIPPED CAVIAR","NYX","ลิปสติกเนื้อแมตต์เรียบลื่น อัดแน่นทุกอณูสีที่ชุ่มฉ่ำและติดทนยาวนาน","http://www.konvy.com/static/team/2016/1110/14787527683964_280x280.jpg","lipstick"
"46","NYX Xtreme Lip Cream # XLC10 - NATURAL","NYX","ลิปจิ้มจุ่มเนื้อกำมะหยี่นุ่มเนียน ให้สัมผัสแวววาวแบบลิปกลอสแต่สีสวยเด่นคมชัดเหมือนลิปสติก","http://www.konvy.com/static/team/2016/1110/14787591014164_280x280.jpg","lipstick"
"47","NYX Liquid Suede Cream Lipstick # LSCL17 - JET SET","NYX","ลิปสติกเนื้อครีมกำมะหยี่เรียบลื่น เมื่อแห้งจะกลายเป็นเนื้อแมตต์ที่กันน้ำและติดทนยาวนาน มอบสีสันที่โดดเด่นมีชีวิตชีวาทุกมุมมอง","http://www.konvy.com/static/team/2016/1110/14787612544506_280x280.jpg","lipstick"
"48","NYX Cosmic Metals Lip Cream # CMLC03 - OUT OF WORLD","NYX","ลิปกลอสเฉดสีจัดจ้าน เนื้อครีมเรียบเนียนมาพร้อมกับเมทาลิคประกายมันวาว เพิ่มความหลากหลายให้ริมฝีปากแวววาวระยิบระยับดูมีมิติ","http://www.konvy.com/static/team/2016/1110/14787620584882_280x280.jpg","lipstick"
"49","NYX Cosmic Metals Lip Cream # CMLC11 - EXTRATERRESTRI","NYX","ลิปกลอสเฉดสีจัดจ้าน เนื้อครีมเรียบเนียนมาพร้อมกับเมทาลิคประกายมันวาว เพิ่มความหลากหลายให้ริมฝีปากแวววาวระยิบระยับดูมีมิติ","http://www.konvy.com/static/team/2016/1110/14787622706467_280x280.jpg","lipstick"
"50","NYX Matte Lipstick # MLS41 - UP THE BASS","NYX","ลิปสติกเนื้อแมตต์เรียบลื่น อัดแน่นทุกอณูสีที่ชุ่มฉ่ำและติดทนยาวนาน","http://www.konvy.com/static/team/2016/1110/14787617413556_280x280.jpg","lipstick"
"51","NYX Velvet Matte Lipstick # VMLS07 - MIAMI NIGHTS","NYX","ลิปสติกเนื้อแมตต์ที่คงความชุ่มชื่นให้ริมฝีปากตลอดทั้งวัน  เฉดสีใหม่ที่สวยโดดเด่นและหรูหรา เปลี่ยนริมฝีปากซีดจางให้สดใสชวนสัมผัส","http://www.konvy.com/static/team/2016/1110/14787623673763_280x280.jpg","lipstick"
"52","NYX Cosmic Metals Lip Cream # CMLC04 - DARK NEBULA","NYX","ลิปกลอสเฉดสีจัดจ้าน เนื้อครีมเรียบเนียนมาพร้อมกับเมทาลิคประกายมันวาว เพิ่มความหลากหลายให้ริมฝีปากแวววาวระยิบระยับดูมีมิติ","http://www.konvy.com/static/team/2016/1110/14787620884496_280x280.jpg","lipstick"
"53","NYX Matte Lipstick # MLS28 - COUTURE","NYX","ลิปสติกเนื้อแมตต์เรียบลื่น อัดแน่นทุกอณูสีที่ชุ่มฉ่ำและติดทนยาวนาน","http://www.konvy.com/static/team/2016/1110/14787532147154_280x280.jpg","lipstick"
"54","NYX Full Throttle Lipstick # FTLS09 - JOLT","NYX","ลิปสติกรุ่นใหม่ล่าสุด เคลือบริมฝีปากด้วยลิปแมตต์ที่คงความชุ่มชื่นให้ริมฝีปาก สร้างความสดใสสมบูรณ์แบบตามใจต้องการ","http://www.konvy.com/static/team/2016/1110/14787597736766_280x280.jpg","lipstick"
"55","NYX Cosmic Metals Lip Cream # CMLC12 - COMETS TAIL","NYX","ลิปกลอสเฉดสีจัดจ้าน เนื้อครีมเรียบเนียนมาพร้อมกับเมทาลิคประกายมันวาว เพิ่มความหลากหลายให้ริมฝีปากแวววาวระยิบระยับดูมีมิติ","http://www.konvy.com/static/team/2016/1110/14787623316573_280x280.jpg","lipstick"
"56","NYX Liquid Suede Cream Lipstick # LSCL20 - OH PUT IT ON","NYX","ลิปสติกเนื้อครีมกำมะหยี่เรียบลื่น เมื่อแห้งจะกลายเป็นเนื้อแมตต์ที่กันน้ำและติดทนยาวนาน มอบสีสันที่โดดเด่นมีชีวิตชีวาทุกมุมมอง","http://www.konvy.com/static/team/2016/1110/14787613696507_280x280.jpg","lipstick"
"57","NYX Matte Lipstick # MLS18 - BLOODY MARY","NYX","ลิปสติกเนื้อแมตต์เรียบลื่น อัดแน่นทุกอณูสีที่ชุ่มฉ่ำและติดทนยาวนาน","http://www.konvy.com/static/team/2016/1110/14787528422064_280x280.jpg","lipstick"
"58","NYX Matte Lipstick # MLS40 - ULTRA DARE","NYX","ลิปสติกเนื้อแมตต์เรียบลื่น อัดแน่นทุกอณูสีที่ชุ่มฉ่ำและติดทนยาวนาน","http://www.konvy.com/static/team/2016/1110/14787617118472_280x280.jpg","lipstick"
"59","NYX Cosmic Metals Lip Cream # CMLC05 - ASTEROID AURA","NYX","ลิปกลอสเฉดสีจัดจ้าน เนื้อครีมเรียบเนียนมาพร้อมกับเมทาลิคประกายมันวาว เพิ่มความหลากหลายให้ริมฝีปากแวววาวระยิบระยับดูมีมิติ","http://www.konvy.com/static/team/2016/1110/14787621126457_280x280.jpg","lipstick"
"60","NYX Full Throttle Lipstick # FTLS11 - LOADED","NYX","ลิปสติกรุ่นใหม่ล่าสุด เคลือบริมฝีปากด้วยลิปแมตต์ที่คงความชุ่มชื่นให้ริมฝีปาก สร้างความสดใสสมบูรณ์แบบตามใจต้องการ","http://www.konvy.com/static/team/2016/1110/14787598035954_280x280.jpg","lipstick"
"61","NYX Liquid Suede Cream Lipstick # LSCL08 - PINK LUST","NYX","ลิปสติกเนื้อครีมกำมะหยี่เรียบลื่น เมื่อแห้งจะกลายเป็นเนื้อแมตต์ที่กันน้ำและติดทนยาวนาน มอบสีสันที่โดดเด่นมีชีวิตชีวาทุกมุมมอง","http://www.konvy.com/static/team/2016/1110/14787607009513_280x280.jpg","lipstick"
"62","NYX Cosmic Metals Lip Cream # CMLC09 - CELESTIAL STAR","NYX","ลิปกลอสเฉดสีจัดจ้าน เนื้อครีมเรียบเนียนมาพร้อมกับเมทาลิคประกายมันวาว เพิ่มความหลากหลายให้ริมฝีปากแวววาวระยิบระยับดูมีมิติ","http://www.konvy.com/static/team/2016/1110/14787622194105_280x280.jpg","lipstick"
"63","NYX Matte Lipstick # MLS29 - SABLE","NYX","ลิปสติกเนื้อแมตต์เรียบลื่น อัดแน่นทุกอณูสีที่ชุ่มฉ่ำและติดทนยาวนาน","http://www.konvy.com/static/team/2016/1110/14787532389718_280x280.jpg","lipstick"
"64","NYX Matte Lipstick # MLS27 - EDEN","NYX","ลิปสติกเนื้อแมตต์เรียบลื่น อัดแน่นทุกอณูสีที่ชุ่มฉ่ำและติดทนยาวนาน","http://www.konvy.com/static/team/2016/1110/14787531909216_280x280.jpg","lipstick"
"65","NYX Matte Lipstick # MLS34 - HAZE","NYX","ลิปสติกเนื้อแมตต์เรียบลื่น อัดแน่นทุกอณูสีที่ชุ่มฉ่ำและติดทนยาวนาน","http://www.konvy.com/static/team/2016/1110/14787615196897_280x280.jpg","lipstick"
"66","NYX Matte Lipstick # MLS26 - SHY","NYX","ลิปสติกเนื้อแมตต์เรียบลื่น อัดแน่นทุกอณูสีที่ชุ่มฉ่ำและติดทนยาวนาน","http://www.konvy.com/static/team/2016/1110/14787530172295_280x280.jpg","lipstick"
"67","NYX Liquid Suede Cream Lipstick # LSCL10 - AMETHYST","NYX","ลิปสติกเนื้อครีมกำมะหยี่เรียบลื่น เมื่อแห้งจะกลายเป็นเนื้อแมตต์ที่กันน้ำและติดทนยาวนาน มอบสีสันที่โดดเด่นมีชีวิตชีวาทุกมุมมอง","http://www.konvy.com/static/team/2016/1110/14787607471402_280x280.jpg","lipstick"
"68","NYX Matte Lipstick # MLS42 - CRAVE","NYX","ลิปสติกเนื้อแมตต์เรียบลื่น อัดแน่นทุกอณูสีที่ชุ่มฉ่ำและติดทนยาวนาน","http://www.konvy.com/static/team/2016/1110/14787617679223_280x280.jpg","lipstick"
"69","NYX Matte Lipstick # MLS06 - SUMMER BREEZE","NYX","ลิปสติกเนื้อแมตต์เรียบลื่น อัดแน่นทุกอณูสีที่ชุ่มฉ่ำและติดทนยาวนาน","http://www.konvy.com/static/team/2016/1110/14787525651380_280x280.jpg","lipstick"
"70","NYX Velvet Matte Lipstick # VMLS11 - BLOOD LOVE","NYX","ลิปสติกเนื้อแมตต์ที่คงความชุ่มชื่นให้ริมฝีปากตลอดทั้งวัน  เฉดสีใหม่ที่สวยโดดเด่นและหรูหรา เปลี่ยนริมฝีปากซีดจางให้สดใสชวนสัมผัส","http://www.konvy.com/static/team/2016/1110/14787624937116_280x280.jpg","lipstick"
"71","NYX Matte Lipstick # MLS02 - SHOCKING PINK","NYX","ลิปสติกเนื้อแมตต์เรียบลื่น อัดแน่นทุกอณูสีที่ชุ่มฉ่ำและติดทนยาวนาน","http://www.konvy.com/static/team/2016/1110/14787524576498_280x280.jpg","lipstick"
"72","NYX Lip Lingerie # LIPLI03 - LACE DETAIL","NYX","ลิควิดลิปสติกที่ได้รับความนิยมไปทั่วโลก! เมื่อทาจะเซ็ตตัวเป็นลิปแมตต์ที่ติดทนยาวนานตลอดวัน โดดเด่นด้วยโทนที่นู้ดอบอุ่นคลาสสิค","http://www.konvy.com/static/team/2016/1110/14787608571304_280x280.jpg","lipstick"
"73","NYX Matte Lipstick # MLS35 - HONEYMOON","NYX","ลิปสติกเนื้อแมตต์เรียบลื่น อัดแน่นทุกอณูสีที่ชุ่มฉ่ำและติดทนยาวนาน","http://www.konvy.com/static/team/2016/1110/14787615444537_280x280.jpg","lipstick"
"74","NYX Liquid Suede Cream Lipstick # LSCL22 - DOWNTOWN BEAUTY","NYX","ลิปสติกเนื้อครีมกำมะหยี่เรียบลื่น เมื่อแห้งจะกลายเป็นเนื้อแมตต์ที่กันน้ำและติดทนยาวนาน มอบสีสันที่โดดเด่นมีชีวิตชีวาทุกมุมมอง","http://www.konvy.com/static/team/2016/1110/14787614449591_280x280.jpg","lipstick"
"75","NYX Lip Lingerie # LIPLI09 - CORSET","NYX","ลิควิดลิปสติกที่ได้รับความนิยมไปทั่วโลก! เมื่อทาจะเซ็ตตัวเป็นลิปแมตต์ที่ติดทนยาวนานตลอดวัน โดดเด่นด้วยโทนที่นู้ดอบอุ่นคลาสสิค","http://www.konvy.com/static/team/2016/1110/14787610389227_280x280.jpg","lipstick"
"76","NYX Matte Lipstick # MLS10 - PERFECT RED","NYX","ลิปสติกเนื้อแมตต์เรียบลื่น อัดแน่นทุกอณูสีที่ชุ่มฉ่ำและติดทนยาวนาน","http://www.konvy.com/static/team/2016/1110/14787526523953_280x280.jpg","lipstick"
"77","NYX Liquid Suede Cream Lipstick # LSCL19 - SUBVERSIVE SOCIALITE","NYX","ลิปสติกเนื้อครีมกำมะหยี่เรียบลื่น เมื่อแห้งจะกลายเป็นเนื้อแมตต์ที่กันน้ำและติดทนยาวนาน มอบสีสันที่โดดเด่นมีชีวิตชีวาทุกมุมมอง","http://www.konvy.com/static/team/2016/1110/14787613178592_280x280.jpg","lipstick"
"78","NYX Matte Lipstick # MLS21 - BUTTER","NYX","ลิปสติกเนื้อแมตต์เรียบลื่น อัดแน่นทุกอณูสีที่ชุ่มฉ่ำและติดทนยาวนาน","http://www.konvy.com/static/team/2016/1110/14787529062340_280x280.jpg","lipstick"
"79","NYX Liquid Suede Cream Lipstick # LSCL15 - RUN THE WORLD","NYX","ลิปสติกเนื้อครีมกำมะหยี่เรียบลื่น เมื่อแห้งจะกลายเป็นเนื้อแมตต์ที่กันน้ำและติดทนยาวนาน มอบสีสันที่โดดเด่นมีชีวิตชีวาทุกมุมมอง","http://www.konvy.com/static/team/2016/1110/14787612018893_280x280.jpg","lipstick"
"80","NYX Soft Matte Lip Cream # SMLC32 - ROME","NYX","ลิปแมตต์เนื้อครีมที่ได้รับความนิยมสูงสุด! เนื้อลิปนุ่มละมุนและให้ความชุ่มชื่นสู่ริมฝีปากมากกว่าลิปแมตต์อื่นๆ","http://www.konvy.com/static/team/2016/1110/14787602173639_280x280.jpg","lipstick"
"81","NYX Matte Lipstick # MLS30 - ARIA","NYX","ลิปสติกเนื้อแมตต์เรียบลื่น อัดแน่นทุกอณูสีที่ชุ่มฉ่ำและติดทนยาวนาน","http://www.konvy.com/static/team/2016/1110/14787532613093_280x280.jpg","lipstick"
"82","NYX Soft Matte Lip Cream # SMLC17 - IBIZA","NYX","ลิปแมตต์เนื้อครีมที่ได้รับความนิยมสูงสุด! เนื้อลิปนุ่มละมุนและให้ความชุ่มชื่นสู่ริมฝีปากมากกว่าลิปแมตต์อื่นๆ","http://www.konvy.com/static/team/2016/1110/14787538301674_280x280.jpg","lipstick"
"83","NYX Soft Matte Lip Cream # SMLC02 - STOCKHOLM","NYX","ลิปแมตต์เนื้อครีมที่ได้รับความนิยมสูงสุด! เนื้อลิปนุ่มละมุนและให้ความชุ่มชื่นสู่ริมฝีปากมากกว่าลิปแมตต์อื่นๆ","http://www.konvy.com/static/team/2016/1110/14787534972310_280x280.jpg","lipstick"
"84","NYX Soft Matte Lip Cream # SMLC34 - DUBAI","NYX","ลิปแมตต์เนื้อครีมที่ได้รับความนิยมสูงสุด! เนื้อลิปนุ่มละมุนและให้ความชุ่มชื่นสู่ริมฝีปากมากกว่าลิปแมตต์อื่นๆ","http://www.konvy.com/static/team/2016/1110/14787602581953_280x280.jpg","lipstick"
"85","NYX Liquid Suede Cream Lipstick # LSCL18 - FOUL MOUTH","NYX","ลิปสติกเนื้อครีมกำมะหยี่เรียบลื่น เมื่อแห้งจะกลายเป็นเนื้อแมตต์ที่กันน้ำและติดทนยาวนาน มอบสีสันที่โดดเด่นมีชีวิตชีวาทุกมุมมอง","http://www.konvy.com/static/team/2016/1110/14787612947200_280x280.jpg","lipstick"
"86","NYX Soft Matte Lip Cream # SMLC09 - ABU DHABI","NYX","ลิปแมตต์เนื้อครีมที่ได้รับความนิยมสูงสุด! เนื้อลิปนุ่มละมุนและให้ความชุ่มชื่นสู่ริมฝีปากมากกว่าลิปแมตต์อื่นๆ","http://www.konvy.com/static/team/2016/1110/14787536524936_280x280.jpg","lipstick"
"87","NYX Soft Matte Lip Cream # SMLC14 - ZURICH","NYX","ลิปแมตต์เนื้อครีมที่ได้รับความนิยมสูงสุด! เนื้อลิปนุ่มละมุนและให้ความชุ่มชื่นสู่ริมฝีปากมากกว่าลิปแมตต์อื่นๆ","http://www.konvy.com/static/team/2016/1110/14787537675266_280x280.jpg","lipstick"
"88","NYX Lip Lingerie # LIPLI08 - BEDTIME FLIRT","NYX","ลิควิดลิปสติกที่ได้รับความนิยมไปทั่วโลก! เมื่อทาจะเซ็ตตัวเป็นลิปแมตต์ที่ติดทนยาวนานตลอดวัน โดดเด่นด้วยโทนที่นู้ดอบอุ่นคลาสสิค","http://www.konvy.com/static/team/2016/1110/14787610156510_280x280.jpg","lipstick"
"89","NYX Soft Matte Lip Cream # SMLC08 - SAN PAULO","NYX","ลิปแมตต์เนื้อครีมที่ได้รับความนิยมสูงสุด! เนื้อลิปนุ่มละมุนและให้ความชุ่มชื่นสู่ริมฝีปากมากกว่าลิปแมตต์อื่นๆ","http://www.konvy.com/static/team/2016/1110/14787536277936_280x280.jpg","lipstick"
"90","NYX Lip Lingerie # LIPLI04 - RUFFLE TRIM","NYX","ลิควิดลิปสติกที่ได้รับความนิยมไปทั่วโลก! เมื่อทาจะเซ็ตตัวเป็นลิปแมตต์ที่ติดทนยาวนานตลอดวัน โดดเด่นด้วยโทนที่นู้ดอบอุ่นคลาสสิค","http://www.konvy.com/static/team/2016/1110/14787608954100_280x280.jpg","lipstick"
"91","NYX Soft Matte Lip Cream # SMLC27 - MADRID","NYX","ลิปแมตต์เนื้อครีมที่ได้รับความนิยมสูงสุด! เนื้อลิปนุ่มละมุนและให้ความชุ่มชื่นสู่ริมฝีปากมากกว่าลิปแมตต์อื่นๆ","http://www.konvy.com/static/team/2016/1110/14787600799657_280x280.jpg","lipstick"
"92","NYX Butter Gloss # BLG03 - PEACHES AND CREAM","NYX","ลิปกลอสเนื้อครีมเนียนเรียบ รสชาติหวานละมุนดุจคุกกี้น้ำตาล ช่วยให้ริมฝีปากดูหวานฉ่ำอวบอิ่มโดยไม่เหนียวเหนอะหนะ","http://www.konvy.com/static/team/2016/1109/14786774202537_280x280.jpg","lipstick"
"93","NYX Matte Lipstick # MLS31 - DAYDREAM","NYX","ลิปสติกเนื้อแมตต์เรียบลื่น อัดแน่นทุกอณูสีที่ชุ่มฉ่ำและติดทนยาวนาน","http://www.konvy.com/static/team/2016/1110/14787532841728_280x280.jpg","lipstick"
"94","NYX Butter Gloss # BLG05 - CRÈME BRULEE","NYX","ลิปกลอสเนื้อครีมเนียนเรียบ รสชาติหวานละมุนดุจคุกกี้น้ำตาล ช่วยให้ริมฝีปากดูหวานฉ่ำอวบอิ่มโดยไม่เหนียวเหนอะหนะ","http://www.konvy.com/static/team/2016/1109/14786774705635_280x280.jpg","lipstick"
"95","NYX Matte Lipstick # MLS44 - MINX","NYX","ลิปสติกเนื้อแมตต์เรียบลื่น อัดแน่นทุกอณูสีที่ชุ่มฉ่ำและติดทนยาวนาน","http://www.konvy.com/static/team/2016/1110/14787618141322_280x280.jpg","lipstick"
"96","NYX Velvet Matte Lipstick # VMLS12 - CHARMED","NYX","ลิปสติกเนื้อแมตต์ที่คงความชุ่มชื่นให้ริมฝีปากตลอดทั้งวัน  เฉดสีใหม่ที่สวยโดดเด่นและหรูหรา เปลี่ยนริมฝีปากซีดจางให้สดใสชวนสัมผัส","http://www.konvy.com/static/team/2016/1110/14787625151629_280x280.jpg","lipstick"
"97","NYX Soft Matte Lip Cream # SMLC30 - SEOUL","NYX","ลิปแมตต์เนื้อครีมที่ได้รับความนิยมสูงสุด! เนื้อลิปนุ่มละมุนและให้ความชุ่มชื่นสู่ริมฝีปากมากกว่าลิปแมตต์อื่นๆ","http://www.konvy.com/static/team/2016/1110/14787601497729_280x280.jpg","lipstick"
"98","NYX Matte Lipstick # MLS12 - SIERRA","NYX","ลิปสติกเนื้อแมตต์เรียบลื่น อัดแน่นทุกอณูสีที่ชุ่มฉ่ำและติดทนยาวนาน","http://www.konvy.com/static/team/2016/1110/14787526979650_280x280.jpg","lipstick"
"99","NYX Butter Gloss # BLG09 - VANILLA  CREAM PIE","NYX","ลิปกลอสเนื้อครีมเนียนเรียบ รสชาติหวานละมุนดุจคุกกี้น้ำตาล ช่วยให้ริมฝีปากดูหวานฉ่ำอวบอิ่มโดยไม่เหนียวเหนอะหนะ","http://www.konvy.com/static/team/2016/1109/14786775413026_280x280.jpg","lipstick"
"100","NYX Matte Lipstick # MLS36 - ZEN ORCHID","NYX","ลิปสติกเนื้อแมตต์เรียบลื่น อัดแน่นทุกอณูสีที่ชุ่มฉ่ำและติดทนยาวนาน","http://www.konvy.com/static/team/2016/1110/14787615747400_280x280.jpg","lipstick"
"101","NYX Cosmic Metals Lip Cream # CMLC02 - FUCHSIA FUSION","NYX","ลิปกลอสเฉดสีจัดจ้าน เนื้อครีมเรียบเนียนมาพร้อมกับเมทาลิคประกายมันวาว เพิ่มความหลากหลายให้ริมฝีปากแวววาวระยิบระยับดูมีมิติ","http://www.konvy.com/static/team/2016/1110/14787620331910_280x280.jpg","lipstick"
"102","NYX Butter Gloss # BLG04 - MERENGUE","NYX","ลิปกลอสเนื้อครีมเนียนเรียบ รสชาติหวานละมุนดุจคุกกี้น้ำตาล ช่วยให้ริมฝีปากดูหวานฉ่ำอวบอิ่มโดยไม่เหนียวเหนอะหนะ","http://www.konvy.com/static/team/2016/1109/14786774467723_280x280.jpg","lipstick"
"103","NYX Matte Lipstick # MLS22 - STRAWBERRY DAIQUIRI","NYX","ลิปสติกเนื้อแมตต์เรียบลื่น อัดแน่นทุกอณูสีที่ชุ่มฉ่ำและติดทนยาวนาน","http://www.konvy.com/static/team/2016/1110/14787529293014_280x280.jpg","lipstick"
"104","NYX Matte Lipstick # MLS38 - BARE WITH ME","NYX","ลิปสติกเนื้อแมตต์เรียบลื่น อัดแน่นทุกอณูสีที่ชุ่มฉ่ำและติดทนยาวนาน","http://www.konvy.com/static/team/2016/1110/14787616292576_280x280.jpg","lipstick"
"105","NYX Cosmic Metals Lip Cream # CMLC10 - ULTRAVIOLET","NYX","ลิปกลอสเฉดสีจัดจ้าน เนื้อครีมเรียบเนียนมาพร้อมกับเมทาลิคประกายมันวาว เพิ่มความหลากหลายให้ริมฝีปากแวววาวระยิบระยับดูมีมิติ","http://www.konvy.com/static/team/2016/1110/14787622489157_280x280.jpg","lipstick"
"106","NYX Full Throttle Lipstick # FTLS07 - SIDEKICK","NYX","ลิปสติกรุ่นใหม่ล่าสุด เคลือบริมฝีปากด้วยลิปแมตต์ที่คงความชุ่มชื่นให้ริมฝีปาก สร้างความสดใสสมบูรณ์แบบตามใจต้องการ","http://www.konvy.com/static/team/2016/1110/14787597239527_280x280.jpg","lipstick"
"107","NYX Soft Matte Lip Cream # SMLC28 - SAN JUAN","NYX","ลิปแมตต์เนื้อครีมที่ได้รับความนิยมสูงสุด! เนื้อลิปนุ่มละมุนและให้ความชุ่มชื่นสู่ริมฝีปากมากกว่าลิปแมตต์อื่นๆ","http://www.konvy.com/static/team/2016/1110/14787600995967_280x280.jpg","lipstick"
"108","NYX Full Throttle Lipstick # FTLS02 - LETHAL KISS","NYX","ลิปสติกรุ่นใหม่ล่าสุด เคลือบริมฝีปากด้วยลิปแมตต์ที่คงความชุ่มชื่นให้ริมฝีปาก สร้างความสดใสสมบูรณ์แบบตามใจต้องการ","http://www.konvy.com/static/team/2016/1110/14787596604320_280x280.jpg","lipstick"
"109","NYX Butter Gloss # BLG08 - APPLE STRUDEL","NYX","ลิปกลอสเนื้อครีมเนียนเรียบ รสชาติหวานละมุนดุจคุกกี้น้ำตาล ช่วยให้ริมฝีปากดูหวานฉ่ำอวบอิ่มโดยไม่เหนียวเหนอะหนะ","http://www.konvy.com/static/team/2016/1110/14787628735138_280x280.jpg","lipstick"
"110","NYX Matte Lipstick # MLS16 - MERLOT","NYX","ลิปสติกเนื้อแมตต์เรียบลื่น อัดแน่นทุกอณูสีที่ชุ่มฉ่ำและติดทนยาวนาน","http://www.konvy.com/static/team/2016/1110/14787527911398_280x280.jpg","lipstick"
"111","NYX Matte Lipstick # MLS19 - EURO TRASH","NYX","ลิปสติกเนื้อแมตต์เรียบลื่น อัดแน่นทุกอณูสีที่ชุ่มฉ่ำและติดทนยาวนาน","http://www.konvy.com/static/team/2016/1110/14787528643849_280x280.jpg","lipstick"
"112","NYX Lip Lingerie # LIPLI06 - PUSH-UP","NYX","ลิควิดลิปสติกที่ได้รับความนิยมไปทั่วโลก! เมื่อทาจะเซ็ตตัวเป็นลิปแมตต์ที่ติดทนยาวนานตลอดวัน โดดเด่นด้วยโทนที่นู้ดอบอุ่นคลาสสิค","http://www.konvy.com/static/team/2016/1110/14787609583412_280x280.jpg","lipstick"
"113","NYX Matte Lipstick # MLS39 - GIRL CRUSH","NYX","ลิปสติกเนื้อแมตต์เรียบลื่น อัดแน่นทุกอณูสีที่ชุ่มฉ่ำและติดทนยาวนาน","http://www.konvy.com/static/team/2016/1110/14787616623366_280x280.jpg","lipstick"
"114","NYX Full Throttle Lipstick # FTLS08 - UP THE BASS","NYX","ลิปสติกรุ่นใหม่ล่าสุด เคลือบริมฝีปากด้วยลิปแมตต์ที่คงความชุ่มชื่นให้ริมฝีปาก สร้างความสดใสสมบูรณ์แบบตามใจต้องการ","http://www.konvy.com/static/team/2016/1110/14787597497851_280x280.jpg","lipstick"
"115","NYX Liquid Suede Cream Lipstick # LSCL09 - TEA & COOKIES","NYX","ลิปสติกเนื้อครีมกำมะหยี่เรียบลื่น เมื่อแห้งจะกลายเป็นเนื้อแมตต์ที่กันน้ำและติดทนยาวนาน มอบสีสันที่โดดเด่นมีชีวิตชีวาทุกมุมมอง","http://www.konvy.com/static/team/2016/1110/14787607232413_280x280.jpg","lipstick"
"116","NYX Butter Gloss # BLG01 - STRAWBERRY PARFAIT","NYX","ลิปกลอสเนื้อครีมเนียนเรียบ รสชาติหวานละมุนดุจคุกกี้น้ำตาล ช่วยให้ริมฝีปากดูหวานฉ่ำอวบอิ่มโดยไม่เหนียวเหนอะหนะ","http://www.konvy.com/static/team/2016/1109/14786772808375_280x280.jpg","lipstick"
"117","NYX Matte Lipstick # MLS24 - STREET CRED","NYX","ลิปสติกเนื้อแมตต์เรียบลื่น อัดแน่นทุกอณูสีที่ชุ่มฉ่ำและติดทนยาวนาน","http://www.konvy.com/static/team/2016/1110/14787529755076_280x280.jpg","lipstick"
"118","NYX Liquid Suede Cream Lipstick # LSCL06 - SWAY","NYX","ลิปสติกเนื้อครีมกำมะหยี่เรียบลื่น เมื่อแห้งจะกลายเป็นเนื้อแมตต์ที่กันน้ำและติดทนยาวนาน มอบสีสันที่โดดเด่นมีชีวิตชีวาทุกมุมมอง","http://www.konvy.com/static/team/2016/1110/14787606054086_280x280.jpg","lipstick"
"119","NYX Matte Lipstick # MLS01 - NUDE","NYX","ลิปสติกเนื้อแมตต์เรียบลื่น อัดแน่นทุกอณูสีที่ชุ่มฉ่ำและติดทนยาวนาน","http://www.konvy.com/static/team/2016/1110/14787524364359_280x280.jpg","lipstick"
"120","NYX Matte Lipstick # MLS23 - FORBIDDEN","NYX","ลิปสติกเนื้อแมตต์เรียบลื่น อัดแน่นทุกอณูสีที่ชุ่มฉ่ำและติดทนยาวนาน","http://www.konvy.com/static/team/2016/1110/14787529534851_280x280.jpg","lipstick"
"121","NYX Matte Lipstick # MLS25 - TEMPTRESS","NYX","ลิปสติกเนื้อแมตต์เรียบลื่น อัดแน่นทุกอณูสีที่ชุ่มฉ่ำและติดทนยาวนาน","http://www.konvy.com/static/team/2016/1110/14787529979473_280x280.jpg","lipstick"
"122","NYX Matte Lipstick # MLS33 - SPIRIT","NYX","ลิปสติกเนื้อแมตต์เรียบลื่น อัดแน่นทุกอณูสีที่ชุ่มฉ่ำและติดทนยาวนาน","http://www.konvy.com/static/team/2016/1110/14787533256481_280x280.jpg","lipstick"
"123","NYX Soft Matte Lip Cream # SMLC25 - BUDAPES","NYX","ลิปแมตต์เนื้อครีมที่ได้รับความนิยมสูงสุด! เนื้อลิปนุ่มละมุนและให้ความชุ่มชื่นสู่ริมฝีปากมากกว่าลิปแมตต์อื่นๆ","http://www.konvy.com/static/team/2016/1110/14787598952189_280x280.jpg","lipstick"
"124","NYX Cosmic Metals Lip Cream # CMLC06 - SOLAR ENERGY","NYX","ลิปกลอสเฉดสีจัดจ้าน เนื้อครีมเรียบเนียนมาพร้อมกับเมทาลิคประกายมันวาว เพิ่มความหลากหลายให้ริมฝีปากแวววาวระยิบระยับดูมีมิติ","http://www.konvy.com/static/team/2016/1110/14787621367430_280x280.jpg","lipstick"
"125","NYX Lip Lingerie # LIPLI11 - BABY DOLL","NYX","ลิควิดลิปสติกที่ได้รับความนิยมไปทั่วโลก! เมื่อทาจะเซ็ตตัวเป็นลิปแมตต์ที่ติดทนยาวนานตลอดวัน โดดเด่นด้วยโทนที่นู้ดอบอุ่นคลาสสิค","http://www.konvy.com/static/team/2016/1110/14787610944492_280x280.jpg","lipstick"
"126","NYX Liquid Suede Cream Lipstick # LSCL24 - ALIEN","NYX","ลิปสติกเนื้อครีมกำมะหยี่เรียบลื่น เมื่อแห้งจะกลายเป็นเนื้อแมตต์ที่กันน้ำและติดทนยาวนาน มอบสีสันที่โดดเด่นมีชีวิตชีวาทุกมุมมอง","http://www.konvy.com/static/team/2016/1110/14787614942148_280x280.jpg","lipstick"
"127","NYX Matte Lipstick # MLS04 - PALE PINK","NYX","ลิปสติกเนื้อแมตต์เรียบลื่น อัดแน่นทุกอณูสีที่ชุ่มฉ่ำและติดทนยาวนาน","http://www.konvy.com/static/team/2016/1110/14787525045997_280x280.jpg","lipstick"
"128","NYX Matte Lipstick # MLS07 - ALABAMA","NYX","ลิปสติกเนื้อแมตต์เรียบลื่น อัดแน่นทุกอณูสีที่ชุ่มฉ่ำและติดทนยาวนาน","http://www.konvy.com/static/team/2016/1110/14787525874267_280x280.jpg","lipstick"
"129","NYX Cosmic Metals Lip Cream # CMLC07 - ELECTROMAGNETI","NYX","ลิปกลอสเฉดสีจัดจ้าน เนื้อครีมเรียบเนียนมาพร้อมกับเมทาลิคประกายมันวาว เพิ่มความหลากหลายให้ริมฝีปากแวววาวระยิบระยับดูมีมิติ","http://www.konvy.com/static/team/2016/1110/14787621646631_280x280.jpg","lipstick"
"130","NYX Velvet Matte Lipstick # VMLS09 - VIOLET VOLTAGE","NYX","ลิปสติกเนื้อแมตต์ที่คงความชุ่มชื่นให้ริมฝีปากตลอดทั้งวัน  เฉดสีใหม่ที่สวยโดดเด่นและหรูหรา เปลี่ยนริมฝีปากซีดจางให้สดใสชวนสัมผัส","http://www.konvy.com/static/team/2016/1110/14787624314294_280x280.jpg","lipstick"
"131","NYX Velvet Matte Lipstick # VMLS10 - EFFERVESCENT","NYX","ลิปสติกเนื้อแมตต์ที่คงความชุ่มชื่นให้ริมฝีปากตลอดทั้งวัน  เฉดสีใหม่ที่สวยโดดเด่นและหรูหรา เปลี่ยนริมฝีปากซีดจางให้สดใสชวนสัมผัส","http://www.konvy.com/static/team/2016/1110/14787624535546_280x280.jpg","lipstick"
"132","NYX Matte Lipstick # MLS09 - NATURAL","NYX","ลิปสติกเนื้อแมตต์เรียบลื่น อัดแน่นทุกอณูสีที่ชุ่มฉ่ำและติดทนยาวนาน","http://www.konvy.com/static/team/2016/1110/14787526293693_280x280.jpg","lipstick"
"133","NYX Matte Lipstick # MLS37 - DARK ERA","NYX","ลิปสติกเนื้อแมตต์เรียบลื่น อัดแน่นทุกอณูสีที่ชุ่มฉ่ำและติดทนยาวนาน","http://www.konvy.com/static/team/2016/1110/14787615981337_280x280.jpg","lipstick"
"134","NYX Butter Gloss # BLG02 - ECLAIR","NYX","ลิปกลอสเนื้อครีมเนียนเรียบ รสชาติหวานละมุนดุจคุกกี้น้ำตาล ช่วยให้ริมฝีปากดูหวานฉ่ำอวบอิ่มโดยไม่เหนียวเหนอะหนะ","http://www.konvy.com/static/team/2016/1109/14786773888822_280x280.jpg","lipstick"
"135","NYX Matte Lipstick # MLS05 - INDIE FLICK","NYX","ลิปสติกเนื้อแมตต์เรียบลื่น อัดแน่นทุกอณูสีที่ชุ่มฉ่ำและติดทนยาวนาน","http://www.konvy.com/static/team/2016/1110/14787525435795_280x280.jpg","lipstick"
"136","NYX Matte Lipstick # MLS08 - PURE RED","NYX","ลิปสติกเนื้อแมตต์เรียบลื่น อัดแน่นทุกอณูสีที่ชุ่มฉ่ำและติดทนยาวนาน","http://www.konvy.com/static/team/2016/1110/14787526081700_280x280.jpg","lipstick"
"137","NYX Liquid Suede Cream Lipstick # LSCL04 - SOFT SPOKEN","NYX","ลิปสติกเนื้อครีมกำมะหยี่เรียบลื่น เมื่อแห้งจะกลายเป็นเนื้อแมตต์ที่กันน้ำและติดทนยาวนาน มอบสีสันที่โดดเด่นมีชีวิตชีวาทุกมุมมอง","http://www.konvy.com/static/team/2016/1110/14787605484363_280x280.jpg","lipstick"
"138","NYX Liquid Suede Cream Lipstick # LSCL03 - CHERRY SKIES","NYX","ลิปสติกเนื้อครีมกำมะหยี่เรียบลื่น เมื่อแห้งจะกลายเป็นเนื้อแมตต์ที่กันน้ำและติดทนยาวนาน มอบสีสันที่โดดเด่นมีชีวิตชีวาทุกมุมมอง","http://www.konvy.com/static/team/2016/1110/14787604622157_280x280.jpg","lipstick"
"139","NYX Matte Lipstick # MLS43 - CRAZED","NYX","ลิปสติกเนื้อแมตต์เรียบลื่น อัดแน่นทุกอณูสีที่ชุ่มฉ่ำและติดทนยาวนาน","http://www.konvy.com/static/team/2016/1110/14787617905035_280x280.jpg","lipstick"
"140","NYX Lip Lingerie # LIPLI07 - SATIN RIBBON","NYX","ลิควิดลิปสติกที่ได้รับความนิยมไปทั่วโลก! เมื่อทาจะเซ็ตตัวเป็นลิปแมตต์ที่ติดทนยาวนานตลอดวัน โดดเด่นด้วยโทนที่นู้ดอบอุ่นคลาสสิค","http://www.konvy.com/static/team/2016/1110/14787609917007_280x280.jpg","lipstick"
"141","NYX Butter Gloss # BLG11 - MAPLE BLONDIE","NYX","ลิปกลอสเนื้อครีมเนียนเรียบ รสชาติหวานละมุนดุจคุกกี้น้ำตาล ช่วยให้ริมฝีปากดูหวานฉ่ำอวบอิ่มโดยไม่เหนียวเหนอะหนะ","http://www.konvy.com/static/team/2016/1109/14786775916251_280x280.jpg","lipstick"
"142","NYX Matte Lipstick # MLS14 - MAISON","NYX","ลิปสติกเนื้อแมตต์เรียบลื่น อัดแน่นทุกอณูสีที่ชุ่มฉ่ำและติดทนยาวนาน","http://www.konvy.com/static/team/2016/1110/14787527457973_280x280.jpg","lipstick"
"143","NYX Soft Matte Lip Cream # SMLC19 - CANNES","NYX","ลิปแมตต์เนื้อครีมที่ได้รับความนิยมสูงสุด! เนื้อลิปนุ่มละมุนและให้ความชุ่มชื่นสู่ริมฝีปากมากกว่าลิปแมตต์อื่นๆ","http://www.konvy.com/static/team/2016/1110/14787540651108_280x280.jpg","lipstick"
"144","NYX Matte Lipstick # MLS20 - AUDREY","NYX","ลิปสติกเนื้อแมตต์เรียบลื่น อัดแน่นทุกอณูสีที่ชุ่มฉ่ำและติดทนยาวนาน","http://www.konvy.com/static/team/2016/1110/14787528841487_280x280.jpg","lipstick"
"145","NYX Xtreme Lip Cream # XLC02 - CANDY LAND","NYX","ลิปจิ้มจุ่มเนื้อกำมะหยี่นุ่มเนียน ให้สัมผัสแวววาวแบบลิปกลอสแต่สีสวยเด่นคมชัดเหมือนลิปสติก","http://www.konvy.com/static/team/2016/1110/14787585468605_280x280.jpg","lipstick"
"146","NYX Xtreme Lip Cream # XLC03 - SPICY","NYX","ลิปจิ้มจุ่มเนื้อกำมะหยี่นุ่มเนียน ให้สัมผัสแวววาวแบบลิปกลอสแต่สีสวยเด่นคมชัดเหมือนลิปสติก","http://www.konvy.com/static/team/2016/1110/14787585681270_280x280.jpg","lipstick"
"147","NYX Xtreme Lip Cream # XLC04 - BUTTERY NUDE","NYX","ลิปจิ้มจุ่มเนื้อกำมะหยี่นุ่มเนียน ให้สัมผัสแวววาวแบบลิปกลอสแต่สีสวยเด่นคมชัดเหมือนลิปสติก","http://www.konvy.com/static/team/2016/1110/14787585911163_280x280.jpg","lipstick"
"148","NYX Xtreme Lip Cream # XLC05 - BONFIRE","NYX","ลิปจิ้มจุ่มเนื้อกำมะหยี่นุ่มเนียน ให้สัมผัสแวววาวแบบลิปกลอสแต่สีสวยเด่นคมชัดเหมือนลิปสติก","http://www.konvy.com/static/team/2016/1110/14787586342204_280x280.jpg","lipstick"
"149","NYX Xtreme Lip Cream # XLC06 - PINKY NUDE","NYX","ลิปจิ้มจุ่มเนื้อกำมะหยี่นุ่มเนียน ให้สัมผัสแวววาวแบบลิปกลอสแต่สีสวยเด่นคมชัดเหมือนลิปสติก","http://www.konvy.com/static/team/2016/1110/14787589924528_280x280.jpg","lipstick"
"150","NYX Xtreme Lip Cream # XLC07 - ABSOLUTE RED","NYX","ลิปจิ้มจุ่มเนื้อกำมะหยี่นุ่มเนียน ให้สัมผัสแวววาวแบบลิปกลอสแต่สีสวยเด่นคมชัดเหมือนลิปสติก","http://www.konvy.com/static/team/2016/1110/14787590373102_280x280.jpg","lipstick"
"151","NYX Xtreme Lip Cream # XLC08 - SKIN TONE","NYX","ลิปจิ้มจุ่มเนื้อกำมะหยี่นุ่มเนียน ให้สัมผัสแวววาวแบบลิปกลอสแต่สีสวยเด่นคมชัดเหมือนลิปสติก","http://www.konvy.com/static/team/2016/1110/14787590589029_280x280.jpg","lipstick"
"152","NYX Xtreme Lip Cream # XLC09 - STRAWBERRY JAM","NYX","ลิปจิ้มจุ่มเนื้อกำมะหยี่นุ่มเนียน ให้สัมผัสแวววาวแบบลิปกลอสแต่สีสวยเด่นคมชัดเหมือนลิปสติก","http://www.konvy.com/static/team/2016/1110/14787590799913_280x280.jpg","lipstick"
"153","MAC Amplified Creme Lipstick #Chatterbox","MAC","อครีมเนียนนุ่ม โดดเด่นในเรื่องของสีสันและเท็กซ์เจอร์ที่หลากหลาย สะท้อนความงดงามที่แท้จริง คุณภาพดีเยี่ยมครองใจสาวๆ มาแล้วทั่วโลก","http://www.konvy.com/static/team/2014/0729/14066186418128.jpg","lipstick"
"154","MAC Retro Matte Lipstick #Ruby Woo","MAC","ลิปสติกคุณภาพดีจาก M.A.C เนื้อครีมเนียนนุ่มแต่ให้ลุคแมต ไม่เป็นคราบ ไม่ตกร่อง เม็ดสีสวยคมชัด สีสันสวยติดทนยาวนานตลอดวัน","http://www.konvy.com/static/team/2014/0729/14066190825994.jpg","lipstick"
"155","MAC Matte Lipstick #Candy Yum-Yum","MAC","ลิปสติกคุณภาพดีจาก M.A.C เนื้อครีมเนียนนุ่มแต่ให้ลุคแมต ไม่เป็นคราบ ไม่ตกร่อง เม็ดสีสวยคมชัด สีสันสวยงามติดทนนานตลอดวัน","http://www.konvy.com/static/team/2014/0729/14066189699704.jpg","lipstick"
"156","MAC Cremesheen Lipstick #Ravishing","MAC","ลิปสติกคุณภาพดีจาก M.A.C เนื้อครีมเนียนนุ่ม ให้ริมฝีปากดูอวบอิ่ม แวววาวอย่างเป็นธรรมชาติ พร้อมเม็ดสีสวยสดใส ให้ริมฝีปากดูเปล่งประกายสวยติดทนนาน","http://www.konvy.com/static/team/2014/0922/14113776501464.jpg","lipstick"
"157","MAC Retro Matte Liquid Lipcolour 5ml #To Matte With Love","MAC","ลิปลิควิดเนื้อแมตต์ แพคเกจมาในแท่งใส เห็นสีลิปชัดเจนพู่กันหัวฟองน้ำ  ทาง่ายเกลี่ยลื่น แห้งไว ติดทนยาวนานตลอดวัน มอบเรียวปากดูแมตต์เป็นกำมะหยี่","http://www.konvy.com/static/team/2016/0504/14623432386328.jpg","lipstick"
"158","MAC Retro Matte Liquid Lipcolour 5ml #Feels So Grand","MAC","ลิปลิควิดเนื้อแมตต์ แพคเกจมาในแท่งใส เห็นสีลิปชัดเจนพู่กันหัวฟองน้ำ  ทาง่ายเกลี่ยลื่น แห้งไว ติดทนยาวนานตลอดวัน มอบเรียวปากดูแมตต์เป็นกำมะหยี่","http://www.konvy.com/static/team/2016/0504/14623432659183.jpg","lipstick"
"159","MAC Retro Matte Liquid Lipcolour 5ml #Divine-Divine","MAC","ลิปลิควิดเนื้อแมตต์ แพคเกจมาในแท่งใส เห็นสีลิปชัดเจนพู่กันหัวฟองน้ำ  ทาง่ายเกลี่ยลื่น แห้งไว ติดทนยาวนานตลอดวัน มอบเรียวปากดูแมตต์เป็นกำมะหยี่","http://www.konvy.com/static/team/2016/0504/14623431827293.jpg","lipstick"
"160","MAC Satin Lipstick Rouge A Levres 3g #Pink Nouveau","MAC","ลิปสติกเนื้อซาตินเนียนนุ่ม ให้ริมฝีปากดูสวยอวบอิ่ม เรียบเนียนอย่างเป็นธรรมชาติ พร้อมเม็ดสีสวยสดใส เปล่งประกายติดทนนาน","http://www.konvy.com/static/team/2016/0822/14718324314899.jpg","lipstick"
"161","MAC  Amplified Creme Lipstick #Neon Orange","MAC","ลิปสติกเนื้อครีมเนียนนุ่ม โดดเด่นในเรื่องของสีสันและเท็กซ์เจอร์ที่หลากหลาย สะท้อนความงดงามที่แท้จริง คุณภาพดีเยี่ยมครองใจสาวๆ มาแล้วทั่วโลก","http://www.konvy.com/static/team/2014/0826/14090226492861.jpg","lipstick"
"162","MAC Retro Matte Liquid Lipcolour 5ml #Personal Statement","MAC","ลิปลิควิดเนื้อแมตต์ แพคเกจมาในแท่งใส เห็นสีลิปชัดเจนพู่กันหัวฟองน้ำ  ทาง่ายเกลี่ยลื่น แห้งไว ติดทนยาวนานตลอดวัน มอบเรียวปากดูแมตต์เป็นกำมะหยี่","http://www.konvy.com/static/team/2016/0504/14623432108945.jpg","lipstick"
"163","MAC Retro Matte Liquid Lipcolour 5ml #Tailored To Tease","MAC","ลิปลิควิดเนื้อแมตต์ แพคเกจมาในแท่งใส เห็นสีลิปชัดเจนพู่กันหัวฟองน้ำ  ทาง่ายเกลี่ยลื่น แห้งไว ติดทนยาวนานตลอดวัน มอบเรียวปากดูแมตต์เป็นกำมะหยี่","http://www.konvy.com/static/team/2016/0504/14623431245821.jpg","lipstick"
"164","MAC Retro Matte Liquid Lipcolour 5ml #Quite The Standout","MAC","ลิปลิควิดเนื้อแมตต์ แพคเกจมาในแท่งใส เห็นสีลิปชัดเจนพู่กันหัวฟองน้ำ  ทาง่ายเกลี่ยลื่น แห้งไว ติดทนยาวนานตลอดวัน มอบเรียวปากดูแมตต์เป็นกำมะหยี่","http://www.konvy.com/static/team/2016/0504/14623431549300.jpg","lipstick"
"165","MAC Matte Lipstick #Pink Pigeon","MAC","ลิปสติกคุณภาพดีจาก M.A.C เนื้อแมตต์เนียนนุ่ม ให้ริมฝีปากดูสวยโดดเด่น ไม่แห้งกร้าน พร้อมเม็ดสีสวยสดใส ให้สีคมชัด กลบสีปากได้แนบสนิท","http://www.konvy.com/static/team/2014/0925/14116164498758.jpg","lipstick"
"166","MAC Cremesheen Lipstick #Creme Cup","MAC","ลิปสติกคุณภาพดีจาก M.A.C เนื้อครีมเนียนนุ่ม ให้ริมฝีปากดูอวบอิ่ม แวววาวอย่างเป็นธรรมชาติ พร้อมเม็ดสีสวยสดใส ให้ริมฝีปากดูเปล่งประกายสวยติดทนนาน","http://www.konvy.com/static/team/2014/0926/14116992918682.jpg","lipstick"
"167","MAC Matte Lipstick #Please Me","MAC","ลิปสติกคุณภาพดีจาก M.A.C เนื้อครีมเนียนนุ่มแต่ให้ลุคแมต ไม่เป็นคราบ ไม่ตกร่อง เม็ดสีสวยคมชัด สีสันสวยงามติดทนนานตลอดวัน","http://www.konvy.com/static/team/2014/0729/14066189036804.jpg","lipstick"
"168","MAC Matte Lipstick #Kinda Sexy","MAC","ลิปสติกคุณภาพดีจาก M.A.C เนื้อแมตต์เนียนนุ่ม ให้ริมฝีปากดูสวยโดดเด่น ไม่แห้งกร้าน พร้อมเม็ดสีสวยสดใส ให้สีคมชัด กลบสีปากได้แนบสนิท","http://www.konvy.com/static/team/2014/0925/14116163543131.jpg","lipstick"
"169","MAC Cremesheen Lipstick #Sunny Seoul","MAC","ลิปสติกเนื้อครีมเนียนนุ่ม โดดเด่นในเรื่องของสีสันและเท็กซ์เจอร์ที่หลากหลาย สะท้อนความงดงามที่แท้จริง คุณภาพดีเยี่ยมครองใจสาวๆ มาแล้วทั่วโลก","http://www.konvy.com/static/team/2014/0826/14090217001329.jpg","lipstick"
"170","MAC Amplified Creme Lipstick #Saint Germain","MAC","เนื้อครีมเนียนนุ่ม โดดเด่นในเรื่องของสีสันและเท็กซ์เจอร์ที่หลากหลาย สะท้อนความงดงามที่แท้จริง คุณภาพดีเยี่ยมครองใจสาวๆ มาแล้วทั่วโลก","http://www.konvy.com/static/team/2014/0729/14066184055641.jpg","lipstick"
"171","MAC Cremesheen Lipstick #Pink Pearl Pop","MAC","ลิปสติกคุณภาพดีจาก M.A.C เนื้อครีมเนียนนุ่มประกายมุก ให้ริมฝีปากดูอวบอิ่ม แวววาวอย่างเป็นธรรมชาติ พร้อมเม็ดสีสวยสดใส ให้ริมฝีปากดูเปล่งประกายสวยติดทนนาน","http://www.konvy.com/static/team/2014/0729/14066190249917.jpg","lipstick"
"172","MAC  Amplified Creme Lipstick #Morange","MAC","ลิปสติกเนื้อครีมเนียนนุ่ม โดดเด่นในเรื่องของสีสันและเท็กซ์เจอร์ที่หลากหลาย สะท้อนความงดงามที่แท้จริง คุณภาพดีเยี่ยมครองใจสาวๆ มาแล้วทั่วโลก","http://www.konvy.com/static/team/2014/0826/14090224817622.jpg","lipstick"
"173","MAC Matte Lipstick #Russian Red","MAC","ลิปสติกเนื้อแมทเนียนนุ่ม โดดเด่นในเรื่องของสีสันและเท็กซ์เจอร์ที่หลากหลาย สะท้อนความงดงามที่แท้จริง คุณภาพดีเยี่ยมครองใจสาวๆ มาแล้วทั่วโลก","http://www.konvy.com/static/team/2014/0826/14090210422325.jpg","lipstick"
"174","MAC Amplified Creme Lipstick #Blankety","MAC","เนื้อครีมเนียนนุ่ม โดดเด่นในเรื่องของสีสันและเท็กซ์เจอร์ที่หลากหลาย สะท้อนความงดงามที่แท้จริง คุณภาพดีเยี่ยมครองใจสาวๆ มาแล้วทั่วโลก","http://www.konvy.com/static/team/2014/0729/14066188049963.jpg","lipstick"
"175","MAC Satin Lipstick #Sushi Kiss","MAC","ลิปสติกคุณภาพดีจาก M.A.C เนื้อซาตินเนียนนุ่ม ให้ริมฝีปากดูสวยอวบอิ่ม เรียบเนียนอย่างเป็นธรรมชาติ พร้อมเม็ดสีสวยสดใส ให้ริมฝีปากดูเปล่งประกายสวยติดทนนาน","http://www.konvy.com/static/team/2014/0926/14116994125401.jpg","lipstick"
"176","MAC Matte Lipstick 3g #Diva","MAC","ลิปสติกคุณภาพดีจาก M.A.C เนื้อครีมเนียนนุ่มแต่ให้ลุคแมตต์ ไม่เป็นคราบ ไม่ตกร่อง เม็ดสีสวยคมชัด สีสันสวยงามติดทนนานตลอดวัน","http://www.konvy.com/static/team/2016/0429/14619239825252.jpg","lipstick"
"177","MAC Lustre Lipstick #Flamingo","MAC","ลิปสติกเนื้อครีมเนียนนุ่ม โดดเด่นในเรื่องของสีสันและเท็กซ์เจอร์ที่หลากหลาย สะท้อนความงดงามที่แท้จริง คุณภาพดีเยี่ยมครองใจสาวๆ มาแล้วทั่วโลก","http://www.konvy.com/static/team/2014/0826/14090214199266.jpg","lipstick"
"178","MAC Cremesheen Lipstick #Coral Bliss","MAC","ลิปสติกเนื้อครีมเนียนนุ่ม โดดเด่นในเรื่องของสีสันและเท็กซ์เจอร์ที่หลากหลาย สะท้อนความงดงามที่แท้จริง คุณภาพดีเยี่ยมครองใจสาวๆ มาแล้วทั่วโลก","http://www.konvy.com/static/team/2014/0826/14090218725679.jpg","lipstick"
"179","MAC Viva Glam Miley Cyrus Lipstick 3g","MAC","เปลี่ยนลุคส์ให้สวยแซ่บแบบ Miley Cyrus ด้วยลิปสติกโทนสี Hot Pink เนื้อครีมเนียนนุ่ม ทาง่าย ไม่ทำให้ริมฝีปากแห้งหรือเป็นขุย สีติดทนยาวนาน","http://www.konvy.com/static/team/2015/1109/14470579357171.jpg","lipstick"
"180","MAC Matte Lipstick 3g #Lady Danger","MAC","ลิปสติกคุณภาพดีจาก M.A.C เนื้อครีมเนียนนุ่มแต่ให้ลุคแมตต์ ไม่เป็นคราบ ไม่ตกร่อง เม็ดสีสวยคมชัด สีสันสวยงามติดทนนานตลอดวัน","http://www.konvy.com/static/team/2016/0504/14623434652953.jpg","lipstick"
"181","MAC Satin Lipstick Rouge A Levres 3g #Brave","MAC","ลิปสติกเนื้อซาตินเนียนนุ่ม ให้ริมฝีปากดูสวยอวบอิ่ม เรียบเนียนอย่างเป็นธรรมชาติ พร้อมเม็ดสีสวยสดใส เปล่งประกายติดทนนาน","http://www.konvy.com/static/team/2016/0822/14718323684470.jpg","lipstick"
"182","MAC Matte Lipstick 3g #M-A-C Red","MAC","ลิปสติกคุณภาพดีจาก M.A.C เนื้อครีมเนียนนุ่มแต่ให้ลุคแมตต์ ไม่เป็นคราบ ไม่ตกร่อง เม็ดสีสวยคมชัด สีสันสวยงามติดทนนานตลอดวัน","http://www.konvy.com/static/team/2016/0429/14619240869832.jpg","lipstick"
"183","MAC Retro Matte Lipstick #Dangerous (3g)","MAC","ลิปสติกคุณภาพดีจาก M.A.C เนื้อครีมเนียนนุ่มแต่ให้ลุคแมต ไม่เป็นคราบ ไม่ตกร่อง เม็ดสีสวยคมชัด สีสันสวยติดทนยาวนานตลอดวัน","http://www.konvy.com/static/team/2016/0108/14522208446254.jpg","lipstick"
"184","MAC Satin Lipstick Rouge A Levres 3g #Steady Going","MAC","ลิปสติกเนื้อซาตินเนียนนุ่ม ให้ริมฝีปากดูสวยอวบอิ่ม เรียบเนียนอย่างเป็นธรรมชาติ พร้อมเม็ดสีสวยสดใส เปล่งประกายติดทนนาน","http://www.konvy.com/static/team/2016/0822/14718316143104.jpg","lipstick"
"185","MAC Cremesheen Lipstick #Sweet&Sour","MAC","; ลิปสติกคุณภาพดีจาก M.A.C เนื้อครีมเนียนนุ่ม ให้ริมฝีปากดูอวบอิ่ม แวววาวอย่างเป็นธรรมชาติ พร้อมเม็ดสีสวยสดใส ให้ริมฝีปากดูเปล่งประกายสวยติดทนนาน","http://www.konvy.com/static/team/2014/0926/14116993635522.jpg","lipstick"
"186","MAC Lustre Lipstick #Razzledazzler","MAC","ลิปสติกเนื้อครีมเนียนนุ่ม โดดเด่นในเรื่องของสีสันและเท็กซ์เจอร์ที่หลากหลาย สะท้อนความงดงามที่แท้จริง คุณภาพดีเยี่ยมครองใจสาวๆ มาแล้วทั่วโลก","http://www.konvy.com/static/team/2014/0826/14090215834074.jpg","lipstick"
"187","MAC Matte Lipstick 3g #Pink Plaid","MAC","ลิปสติกคุณภาพดีจาก M.A.C เนื้อครีมเนียนนุ่มแต่ให้ลุคแมตต์ ไม่เป็นคราบ ไม่ตกร่อง เม็ดสีสวยคมชัด สีสันสวยงามติดทนนานตลอดวัน","http://www.konvy.com/static/team/2016/1116/14792848685332_280x280.jpg","lipstick"
"188","MAC Frost Lipstick #Costa Chic","MAC","ลิปสติกเนื้อครีมเนียนนุ่ม โดดเด่นในเรื่องของสีสันและเท็กซ์เจอร์ที่หลากหลาย สะท้อนความงดงามที่แท้จริง คุณภาพดีเยี่ยมครองใจสาวๆ มาแล้วทั่วโลก","http://www.konvy.com/static/team/2016/0210/14550951984226.jpg","lipstick"
"189","MAC Casual Colour Lip & Cheek Colour #Out For Fun","MAC","เมคอัพเนื้อครีมบางเบา หนึ่งเดียวที่แต่งแต้มได้ทั้งพวงแก้มและริมฝีปาก เพิ่มความโดดเด่น ให้พวงแก้มและริมฝีปากดูสวยระเรื่ออย่างเป็นธรรมชาติ","http://www.konvy.com/static/team/2014/1104/14150716906982.jpg","lipstick"
"190","MAC Cremesheen Lipstick #Creme D Nude 3g","MAC","ลิปสติกเนื้อครีมเนียนนุ่ม โดดเด่นในเรื่องของสีสันและเท็กซ์เจอร์ที่หลากหลาย สะท้อนความงดงามที่แท้จริง คุณภาพดีเยี่ยมครองใจสาวๆ มาแล้วทั่วโลก","http://www.konvy.com/static/team/2015/1109/14470578587624.jpg","lipstick"
"191","MAC Casual Colour Lip & Cheek Colour #Lazy Sunday","MAC","เมคอัพเนื้อครีมบางเบา หนึ่งเดียวที่แต่งแต้มได้ทั้งพวงแก้มและริมฝีปาก เพิ่มความโดดเด่น ให้พวงแก้มและริมฝีปากดูสวยระเรื่ออย่างเป็นธรรมชาติ","http://www.konvy.com/static/team/2014/1104/14150718149833.jpg","lipstick"
"192","MAC Sheen Supreme Lipstick New Temptation #Pleasure Fruit","MAC","ลิปสติกสุดหรู มอบลุคริมฝีปากเนียนนุ่มชุ่มชื่นดูเงางาม ด้วยการผสมผสานคุณประโยชน์ระหว่างลิปสติกและลิปกลอสเข้าด้วยกัน","http://www.konvy.com/static/team/2014/1223/14193048597395.jpg","lipstick"
"193","MAC Sheen Supreme Lipstick New Temptation #Sweet Grenadine","MAC","ลิปสติกสุดหรู มอบลุคริมฝีปากเนียนนุ่มชุ่มชื่นดูเงางาม ด้วยการผสมผสานคุณประโยชน์ระหว่างลิปสติกและลิปกลอสเข้าด้วยกัน","http://www.konvy.com/static/team/2014/1223/14193047763775.jpg","lipstick"
"194","NARS Audacious Lipsticks #Claudia 9450","NARS","ลคชั่นฉลองครบรอบการก่อตั้งแบรนด์ Nars ครบ 20 ปี ด้วยลิปสติกเนื้อ Semi – Matte ที่ให้สีสันสดใสคมชัด ติดทนนาน พร้อมมอบความชุ่มชื่นให้ริมฝีปากเนียนนุ่มน่าสัมผัส","http://www.konvy.com/static/team/2015/0928/14434332876311.jpg","lipstick"
"195","Nars Velvet Lip Liner 0.5g #Costa Smeralda","NARS","ลิปไลเนอร์ ลิปสติกรูปแบบแท่งดินสอ สำหรับแต่งขอบปาก เนื้อแมท เขียนง่าย สัมผัสเนียนนุ่ม พิกเมนต์ครีม สีเข้มข้น พร้อมมอบความชุ่มชื่น สร้างเสน่ห์เย้ายวนโดดเด่น ดูอิ่มเอิบและได้รูปปากน่าดึงดูดมากยิ่งขึ้น","http://www.konvy.com/static/team/2016/0408/14601027969426.jpg","lipstick"
"196","NARS Audacious Lipstick 4.2g #Annabella 9471","NARS","คอลเลคชั่นฉลองครบรอบการก่อตั้งแบรนด์ Nars ครบ 20 ปี ด้วยลิปสติกเนื้อ Semi – Matte ที่ให้สีสันสดใสคมชัด ติดทนนาน พร้อมมอบความชุ่มชื่นให้ริมฝีปากเนียนนุ่มน่าสัมผัส","http://www.konvy.com/static/team/2016/0121/14533690149880.jpg","lipstick"
"197","NARS Audacious Lipsticks #Grace 9468","NARS","ลคชั่นฉลองครบรอบการก่อตั้งแบรนด์ Nars ครบ 20 ปี ด้วยลิปสติกเนื้อ Semi – Matte ที่ให้สีสันสดใสคมชัด ติดทนนาน พร้อมมอบความชุ่มชื่นให้ริมฝีปากเนียนนุ่มน่าสัมผัส","http://www.konvy.com/static/team/2015/0928/14434332175038.jpg","lipstick"
"198","NARS Audacious Lipstick #Lana","NARS","คอลเลคชั่นฉลองครบรอบการก่อตั้งแบรนด์ Nars ครบ 20 ปี ด้วยลิปสติกเนื้อ Semi – Matte ที่ให้สีสันสดใสคมชัด ติดทนนาน พร้อมมอบความชุ่มชื่นให้ริมฝีปากเนียนนุ่มน่าสัมผัส","http://www.konvy.com/static/team/2015/1002/14437826698738.jpg","lipstick"
"199","NARS Audacious Lipsticks #Geraldine 9469","NARS","ลคชั่นฉลองครบรอบการก่อตั้งแบรนด์ Nars ครบ 20 ปี ด้วยลิปสติกเนื้อ Semi – Matte ที่ให้สีสันสดใสคมชัด ติดทนนาน พร้อมมอบความชุ่มชื่นให้ริมฝีปากเนียนนุ่มน่าสัมผัส","http://www.konvy.com/static/team/2015/0928/14434331623895.jpg","lipstick"
"200","NARS Lip Gloss 4ml #Orgasm","NARS","ลิปกลอสจาก Nars มาในแพ็คเกจใหม่ ที่ได้เฉดสีสวยมาจากบลัชออนสียอดฮิตที่คลองใจสาวๆ หลายคนทั่วโลก ให้สีสวยแวววาว เป็นประกาย เพิ่มเสน่ห์ให้ริมฝีปากดูสวยอวบอิ่มแสนเย้ายวน","http://www.konvy.com/static/team/2015/0928/14434329378819.jpg","lipstick"
"201","NARS Velvet Matte Lip Pencil Set 2 Items","NARS","ลิปเนื้อแมตต์ในรูปแบบดินสอจับคู่มากับแปรงทาปากขนาดพกพา เนื้อนุ่มไม่แข็ง พิกเมนต์แน่นให้สีสวยคมชัด ติดทนนาน พร้อมมอบความชุ่มชื่นให้ริมฝีปากเนียนนุ่มน่าสัมผัส","http://www.konvy.com/static/team/2016/0229/14567361641411.jpg","lipstick"
"202","NARS Satin Lip Pencil #Rikugien-3837","NARS","ลิปสติกแบบแท่ง ในรูปแบบดินสอสีเทียน ขนาดจัมโบ้ วาดรูปทรงขอบปากหรือทาทับทั่วริมฝีปากเพื่อเรียวปากที่โดดเด่น เจิดจรัสในทุกมุมมอง","http://www.konvy.com/static/team/2015/0928/14434329025418.jpg","lipstick"
"203","NARS Audacious Lipsticks #Juliette 9466","NARS","ลคชั่นฉลองครบรอบการก่อตั้งแบรนด์ Nars ครบ 20 ปี ด้วยลิปสติกเนื้อ Semi – Matte ที่ให้สีสันสดใสคมชัด ติดทนนาน พร้อมมอบความชุ่มชื่นให้ริมฝีปากเนียนนุ่มน่าสัมผัส","http://www.konvy.com/static/team/2015/0928/14434331804825.jpg","lipstick"
"204","Nars Velvet Lip Liner 0.5g #Nihiwatu","NARS","ลิปไลเนอร์ ลิปสติกรูปแบบแท่งดินสอ สำหรับแต่งขอบปาก เนื้อแมท เขียนง่าย สัมผัสเนียนนุ่ม พิกเมนต์ครีม สีเข้มข้น พร้อมมอบความชุ่มชื่น สร้างเสน่ห์เย้ายวนโดดเด่น ดูอิ่มเอิบและได้รูปปากน่าดึงดูดมากยิ่งขึ้น","http://www.konvy.com/static/team/2016/0408/14601027265007.jpg","lipstick"
"205","Nars Velvet Lip Liner 0.5g #Playa Dorado","NARS","ลิปไลเนอร์ ลิปสติกรูปแบบแท่งดินสอ สำหรับแต่งขอบปาก เนื้อแมตต์ เขียนง่าย สัมผัสเนียนนุ่ม พิกเมนต์ครีม สีเข้มข้น พร้อมมอบความชุ่มชื่น สร้างเสน่ห์เย้ายวนโดดเด่น ดูอิ่มเอิบและได้รูปปากน่าดึงดูดมากยิ่งขึ้น","http://www.konvy.com/static/team/2016/0408/14601026608045.jpg","lipstick"
"206","NARS Audacious Lipsticks #Barbara 9463","NARS","ลคชั่นฉลองครบรอบการก่อตั้งแบรนด์ Nars ครบ 20 ปี ด้วยลิปสติกเนื้อ Semi – Matte ที่ให้สีสันสดใสคมชัด ติดทนนาน พร้อมมอบความชุ่มชื่นให้ริมฝีปากเนียนนุ่มน่าสัมผัส","http://www.konvy.com/static/team/2015/0928/14434331474512.jpg","lipstick"
"207","NARS Lip Gloss #Super Orgasm 1673 6ml","NARS","ลิปกลอสยอดนิยมที่ผสานความชุ่มชื่น ความแวววาว และสีสันสุดเซ็กซี่สะดุดตาไว้ด้วยกัน พร้อมความชุ่มชื่นจากวิตามินอี ช่วยให้ริมฝีปากนุ่มนวลชวนสัมผัส","http://www.konvy.com/static/team/2015/0925/14431658315465.jpg","lipstick"
"208","NARS Lip Gloss #Risky  Business 1674 6ml","NARS","ลิปกลอสยอดนิยมที่ผสานความชุ่มชื่น ความแวววาว และสีสันสุดเซ็กซี่สะดุดตาไว้ด้วยกัน พร้อมความชุ่มชื่นจากวิตามินอี ช่วยให้ริมฝีปากนุ่มนวลชวนสัมผัส","http://www.konvy.com/static/team/2015/0925/14431657343591.jpg","lipstick"
"209","NARS Lip Gloss #Orgasm 1671 6ml","NARS","ลิปกลอสยอดนิยมที่ผสานความชุ่มชื่น ความแวววาว และสีสันสุดเซ็กซี่สะดุดตาไว้ด้วยกัน พร้อมความชุ่มชื่นจากวิตามินอี ช่วยให้ริมฝีปากนุ่มนวลชวนสัมผัส","http://www.konvy.com/static/team/2015/0925/14431659115037.jpg","lipstick"
"210","ซื้อ 1 แถม 1 Banana Boat Ultra Protect Sunscreen Lotion SPF50PA+++ (90mlx2pcs)","Banana Boat","เหมาะสำหรับใช้ในทุกๆ วัน ช่วยกันความร้อนและปกป้องผิวจากการเผาไหม้ ของ แสงแดดได้สูงถึง 50 เท่า เนื้อโลชั่นบางเบาซึมซาบเร็ว ไม่เหนียวเหนอะหนะ","http://www.konvy.com/static/team/2016/0404/14597426796916.jpg","skin protection"
"211","แพ็คคู่ Banana Boat Sport Coolzone Sunscreen Lotion (170g x2)","Banana Boat","SPF 50 PA+++ สเปรย์กันแดดสำหรับผู้ที่รักการเล่นกีฬากลางแจ้ง พร้อมปกป้องผิวด้วยเทคโนโลยี AvoTriplex ที่สามารถป้องกันรังสี UVA ได้อย่างดีเยี่ยม สูตรใหม่ซึมซาบสู่ผิวอย่างรวดเร็ว สัมผัสความเย็นสดชื่นทันทีที่ใช้งาน","http://www.konvy.com/static/team/2015/1104/14466300211661.jpg","skin protection"
"212","แพ็คคู่ Bananaboat Clear Mist Sun Comfort SPF50+PA+++ (170gx2)","Banana Boat","เนื้อบางเบา ไม่เหนียวเหนอะหนะ กันน้ำ กันเหงื่อ ช่วยปกป้องผิวจากรังสี UVA และ UVB ด้วยค่า SPF50+PA+++","http://www.konvy.com/static/team/2017/0120/14848831403171_280x280.jpg","skin protection"
"213","ซื้อ 1 แถม 1 Banana Boat Sport Sunscreen Lotion SPF50+PA+++ (90mlx2pcs)","Banana Boat","สูตรสำหรับการเล่นกีฬากลางแจ้งทุกชนิด เนื้อครีมบางเบาไม่เหนียวเหนอะหนะ ซึมซาบเร็ว ไม่อุดตันรูขุมขน ช่วยปกป้องผิวจากทั้งรังสียูวีเอและยูวีบี กันแดดได้ยาวนาน กันน้ำได้ดีเยี่ยม ผลิตภัณฑ์สูตรเดียวกับ Banana Boat Sport Sunscreen Lotion SPF 110 PA+++ ปรับเป็น SPF50+ ตามกฎข้อบังคับขององค์การอาหารและยา (อย.)","http://www.konvy.com/static/team/2016/0426/14616371864112.jpg","skin protection"
"214","Banana Boat Sport Coolzone SPF50PA++++ Sunscreen Lotion 120ml","Banana Boat","โลชั่นกันแดดสูตรเย็นที่ออกแบบมาเฉพาะสำหรับผู้ที่ชื่นชอบการออกกำลังกายกลางแจ้ง มีค่ากันแดดสูงถึง 50 เท่า ปราศจากน้ำหอมที่อาจก่อให้เกิดการระคายเคือง","http://www.konvy.com/static/team/2016/0706/14677967151467.jpg","skin protection"
"215","แพ็คคู่ Banana Boat Ultra Mist Protect Sunscreen Lotion SPF50 (175ml x2)","Banana Boat","ซึบซาบเร็วไม่เหนียวเหนอะหนะ ไม่อุดตันรูขุมขน","http://www.konvy.com/static/team/2015/1104/14466300032273.jpg","skin protection"
"216","Banana Boat Sport Coolzone Sunscreen Lotion 170g","Banana Boat","tantly Cools and Refreshes SPF 50 PA+++ สเปรย์กันแดดสำหรับผู้ที่รักการเล่นกีฬากลางแจ้ง พร้อมปกป้องผิวด้วยเทคโนโลยี AvoTriplex ที่สามารถป้องกันรังสี UVA ได้อย่างดีเยี่ยม สูตรใหม่ซึมซาบสู่ผิวอย่างรวดเร็ว สัมผัสความเย็นสดชื่นทันทีที่ใช้งาน","http://www.konvy.com/static/team/2015/1104/14466302064614.jpg","skin protection"
"217","ซื้อ 1 แถม 1 Banana Boat Sport Coolzone SPF50PA++++ Sunscreen Lotion(120ml×2)","Banana Boat","สูตรเย็นที่ออกแบบมาเฉพาะสำหรับผู้ที่ชื่นชอบการออกกำลังกายกลางแจ้ง มีค่ากันแดดสูงถึง 50 เท่า ปราศจากส่วนผสมของน้ำหอมที่อาจก่อให้เกิดการระคายเคืองต่อผิว ซึมซับเร็วไม่เหนียวเหนอะหนะ ปกป้องผิวจากรอยเหี่ยวย่นที่เกิดจากรังสี UVA กันน้ำ – กันเหงื่อยาวนาน","http://www.konvy.com/static/team/2015/1104/14466302408767.jpg","skin protection"
"218","ซื้อ1แถม1Banana Boat Natural Reflect Sunscreen Lotion SPF50","Banana Boat","ผิวหนังว่าอ่อนโยนแม้กับผิวที่เนียนและแพ้ง่ายของเด็กอ่อน ได้รับการแนะนำจากองค์การมะเร็งผิวหนัง","http://www.konvy.com/static/team/2015/1104/14466301015191.jpg","skin protection"
"219","Banana Boat Ultra Mist Protect Sunscreen Lotion SPF50 175ml","Banana Boat","กป้องผิวทุกวัน เนื้อสเปรย์ซึมซาบเร็วไม่เหนียวเหนอะหนะ ไม่อุดตันรูขุมขน","http://www.konvy.com/static/team/2015/1104/14466301545736.jpg","skin protection"
"220","BananaBoat Sport Coolzone Instantly Cools & Refreshes After Sun Gel 226g","Banana Boat","ฟื้นฟูผิวใส ด้วยความเย็นสุดขั้วจากเจลว่านหางจระเข้สด เนื้อเจลบางเบา ซึมง่าย เข้าช่วยบำรุงผิวให้เนียนนุ่มชุ่มชื่นอย่างล้ำลึก","http://www.konvy.com/static/team/2016/0426/14616372564073.jpg","skin protection"
"221","BananaBoat Sun Comfort Sunscreen Lotion SPF50 PA+++ 90ml","Banana Boat","โลชั่นกันแดดสำหรับปกป้องผิวทุกวัน เนื้อครีมบางเบาไม่เหนียวเหนอะหนะ ซึมซาบเร็วเพื่อตอบสนองคอนเซปต์    Fun in the Sun    สนุกสนานได้เต็มที่ภายใต้แสงแดด","http://www.konvy.com/static/team/2016/0602/14648363188680.jpg","skin protection"
"222","Bananaboat Clear Mist Sun Comfort SPF50+PA+++ 170g","Banana Boat","สเปรย์กันแดด เนื้อบางเบา ไม่เหนียวเหนอะหนะ กันน้ำ กันเหงื่อ ช่วยปกป้องผิวจากรังสี UVA และ UVB ด้วยค่า SPF50+PA+++","http://www.konvy.com/static/team/2017/0120/14848831794328_280x280.jpg","skin protection"
"223","Bananaboat Clear Ultra Mist Protect & Hydrate SPF50+PA+++ 170g","Banana Boat","สเปรย์กันแดด เนื้อบางเบา ไม่เหนียวเหนอะหนะ กันน้ำ กันเหงื่อ ช่วยปกป้องผิวจากแสงแดดด้วยค่า SPF50+PA+++","http://www.konvy.com/static/team/2017/0120/14848832919649_280x280.jpg","skin protection"
"224","แพ็คคู่ BananaBoat Sun Comfort Sunscreen Lotion SPF50 PA+++ (90mlx2)","Banana Boat","สำหรับปกป้องผิวทุกวัน เนื้อครีมบางเบาไม่เหนียวเหนอะหนะ ซึมซาบเร็วเพื่อตอบสนองคอนเซปต์    Fun in the Sun    สนุกสนานได้เต็มที่ภายใต้แสงแดด","http://www.konvy.com/static/team/2016/0602/14648362821800.jpg","skin protection"
"225","Banana Boat Ultra Protect Sunscreen Lotion SPF50PA+++ 90ml","Banana Boat","ml โลชั่นกันแดดบานาน่าโบ๊ท เหมาะสำหรับใช้ในทุกๆ วัน ช่วยกันความร้อนและปกป้องผิวจากการเผาไหม้ ของ แสงแดดได้สูงถึง 50 เท่า เนื้อโลชั่นบางเบาซึมซาบเร็ว ไม่เหนียวเหนอะหนะ","http://www.konvy.com/static/team/2016/0614/14658918816721.jpg","skin protection"
"226","แพ็คคู่ Bananaboat Clear Ultra Mist Protect & Hydrate SPF50+PA+++ (170gx2)","Banana Boat","เนื้อบางเบา ไม่เหนียวเหนอะหนะ กันน้ำ กันเหงื่อ ช่วยปกป้องผิวจากแสงแดดด้วยค่า SPF50+PA+++","http://www.konvy.com/static/team/2017/0120/14848832565135_280x280.jpg","skin protection"
"227","Banana Boat Ultra Protect Faces Sunscreen Lotion SPF 50 PA+++ 60ml","Banana Boat","โลชั่นกันแดดสำหรับปกป้องผิวหน้าสูตรใหม่จาก Banana Boat เนื้อครีมบางเบาซึมซาบเร็วปราศจากน้ำมันและน้ำหอมไม่อุดตันรูขุมขน ใช้ได้ทุกวัน (Daily Use)","http://www.konvy.com/static/team/2015/1104/14466299489277.jpg","skin protection"
"228","ซื้อ 1 แถม 1 Banana Boat Sport Sunscreen Lotion SPF110PA+++ 90ml","Banana Boat","ทุกชนิดเนื้อครีมบางเบาไม่เหนียวเหนอะหนะ ซึมซาบเร็วไม่อุดตันรูขุมขน ช่วยปกป้องผิวจากการเผาไหม้ของแสงแดดถึง 110 เท่า พร้อมปกป้องทั้งรังสียูวีเอและยูวีบี กันแดดได้ยาวนาน กันน้ำได้ดีเยี่ยม","http://www.konvy.com/static/team/2015/1104/14466298896041.jpg","skin protection"
"229","ซื้อ1แถม1 Banana Boat Ultra Protect Sunscreen Lotion SPF80PA+++ 90ml","Banana Boat","บานาน่าโบ๊ท เหมาะสำหรับใช้ในทุกๆ วัน ช่วยกันความร้อนและปกป้องผิวจากการเผาไหม้ ของ แสงแดดได้สูงถึง 80 เท่า เนื้อโลชั่นบางเบาซึมซาบเร็ว ไม่เหนียวเหนอะหนะ","http://www.konvy.com/static/team/2015/1104/14466301184895.jpg","skin protection"
"230","แพ็คคู่ Banana Boat Ultra Mist Sport Sunscreen Lotion SPF110","Banana Boat","ไม่เหนียวเหนอะหนะ อ่อนโยนต่อผิวที่บอบบางและแพ้ง่าย ไม่มีส่วนผสมของน้ำหอมหรือสารแต่งกลิ่น","http://www.konvy.com/static/team/2015/1104/14466299853083.jpg","skin protection"
"231","ซื้อ1แถม1Banana Boat Natural Reflect Baby Sunscreen Lotion SPF50++118ml (Baby)","Banana Boat","ไม่ต้องเป็นกังวล ด้วยกันแดดที่อ่อนโยนไม่ต่างจากน้ำ ด้วยสารกันแดดจากธรรมชาติ 100%","http://www.konvy.com/static/team/2015/1104/14466300854379.jpg","skin protection"
"232","Banana Boat Ultra Mist Sport Sunscreen Lotion SPF110","Banana Boat","เหมาะสำหรับกิจกรรมกลางแจ้ง ไม่เหนียวเหนอะหนะ อ่อนโยนต่อผิวที่บอบบางและแพ้ง่าย ไม่มีส่วนผสมของน้ำหอมหรือสารแต่งกลิ่น","http://www.konvy.com/static/team/2015/1104/14466301384872.jpg","skin protection"
"233","Banana Boat Ultra Mist Sport Sunscreen Lotion SPF110 170g","Banana Boat","เหมาะกับกิจกรรมกลางแจ้ง ไม่เหนียวเหนอะหนะ อ่อนโยนต่อผิวที่บอบบางและแพ้ง่าย ไม่มีส่วนผสมของน้ำหอมหรือสารแต่งกลิ่น","http://www.konvy.com/static/team/2015/1104/14466300544364.jpg","skin protection"
"234","Banana Boat Ultra Mist Protect Sunscreen Lotion SPF50 175 ml.","Banana Boat","ปกป้องผิวทุกวัน เนื้อสเปรย์ซึมซาบเร็วไม่เหนียวเหนอะหนะ ไม่อุดตันรูขุมขน","http://www.konvy.com/static/team/2015/1104/14466300347692.jpg","skin protection"
"235","Banana Boat Natural Reflect Sunscreen Lotion SPF50","Banana Boat","ผ่านการทดสอบจากแพทย์ผิวหนังว่าอ่อนโยนแม้กับผิวที่เนียนและแพ้ง่ายของเด็กอ่อน","http://www.konvy.com/static/team/2015/1104/14466301928294.jpg","skin protection"
"236","Banana Boat Aloe Vera Gel 230g","Banana Boat","เจลทาผิว เจลใสบริสุทธิ์ ซึมลึกลงสู่ใต้ผิวชั้นใน ช่วยทดแทนความชุ่มชื้นที่หายไปหลังออกแดด ลดอาการแสบผิว ผิวลอก ในกรณีที่ผิวไหม้แดด ปลอบประโลมผิวที่เก็บกักความร้อนไว้ระหว่างออกแดดให้เย็นลง กลิ่นหอม บริสุทธิ์ ไม่เหนียวเหนอะหนะ และลดริ้วรอยแก่ก่อนวัย","http://www.konvy.com/static/team/2015/1104/14466298727946.jpg","skin protection"
"237","Banana Boat Natural Reflect Baby Sunscreen Lotion SPF50++90ml (Baby)","Banana Boat","ผิวผอบผางแค่ไหน หรือแพ้ง่าย ก็ไม่ต้องเป็นกังวล ด้วยกันแดดที่อ่อนโยนไม่ต่างจากน้ำ ด้วยสารกันแดดจากธรรมชาติ 100%","http://www.konvy.com/static/team/2015/1104/14466301722315.jpg","skin protection"
"238","Banana Boat Sport Sunscreen Lotion SPF 50 PA+++ 90 ml","Banana Boat","โลชั่นกันแดดที่ออกแบบมาเฉพาะสำหรับผู้ที่ชื่นชอบการออกกำลังกายกลางแจ้ง มีค่ากันแดดสูงถึง 50 เท่า ช่วยป้องกันแสงแดด พร้อมทั้งปกป้องผิวไม่ให้เกิดริ้วรอยก่อนวัย","http://www.konvy.com/static/team/2015/1104/14466299055712.jpg","skin protection"
"239","Banana Boat Kids Sunscreen Lotion SPF50 90ml","Banana Boat","ปี ขึ้นไป หรือผู้มีผิวแพ้ง่าย อุดมไปด้วยอโลเวร่าและวิตามินอี ช่วยปกป้องผิวจากแสงแดดอย่างอ่อนโยนและให้ความชุ่มชื้นกับผิว ไม่ระคายเคืองตา ใช้ได้แม้ผิวบอบบางแพ้ง่าย พร้อมช่วยปกป้องผิวจากการเผาไหม้ของแสงแดดถึง 50 เท่า พร้อมปกป้องทั้งรังสียูวีเอและยูวีบี กันแดดได้ยาวนาน กันน้ำดีเยี่ยม","http://www.konvy.com/static/team/2015/1104/14466299659556.jpg","skin protection"
"240","Banana Boat Ultra Protect Sunscreen Lotion SPF50 240ml","Banana Boat","มสารบำรุงผิว aloe vera   vitamin C และ E","http://www.konvy.com/static/team/2015/1104/14466298298162.jpg","skin protection"
"241","Biore UV Anti-Pollution Body Care Serum Intensive White SPF50+/PA+++ 150ml","Biore","โลชั่นป้องกันแสงแดดและมลภาวะ สำหรับผิวกาย เนื้อเซรั่ม สูตรปรับผิวให้ดูกระจ่างใสขึ้นอย่างมีประสทิธิภาพ ด้วยเทคโนโลยีจากญี่ปุ่น พร้อมบำรุงให้ผิวดูกระจ่างใส ไม่แห้งกร้าน","http://www.konvy.com/static/team/2016/0329/14592413105275.jpg","skin protection"
"242","Biore Pore Pack 10pcs","Biore","แผ่นขจัดสิวเสี้ยน ช่วยขจัดสิ่งสกปรกและสิ่งอุดตันบริเวณจมูกได้อย่างล้ำลึก พร้อมกระชับรูขุมขนให้เล็กลง ให้ผิวบริเวณจมูกเรียบเนียนใส ไร้สิวเสี้ยน","http://www.konvy.com/static/team/2016/1013/14763411855231_280x280.jpg","skin protection"
"243","Biore Perfect Cleansing Water 300ml","Biore","คลีนซิ่งสูตรน้ำแร่ธรรมชาติ ทำความสะอาดเครื่องสำอางได้อย่างหมดจดอ่อนโยน แม้เครื่องสำอางสูตรกันน้ำ ปราศจากส่วนผสมของแอลกอฮอล์และน้ำมัน ไม่ทำให้ผิวระคายเคือง","http://www.konvy.com/static/team/2015/1228/14512952091118.jpg","skin protection"
"244","Biore Men Pore Pack Black Refreshing Cool 10pcs","Biore","แผ่นขจัดสิวเสี้ยนสำหรับผู้ชาย สูตรเย็น ช่วยขจัดสิ่งสกปรกและสิ่งอุดตันบริเวณจมูกได้อย่างล้ำลึก กระชับรูขุมขน พร้อมช่วยดูดซับความมันส่วนเกินที่ตกค้างในรูขุมขนอย่างเต็มประสิทธิภาพ","http://www.konvy.com/static/team/2016/1013/14763413347480_280x280.jpg","skin protection"
"245","Biore Facial Foam Pure Oil Clear 100g","Biore","นวัตกรรมโฟมล้างหน้าแห่งยุค ด้วยวิทยาการในการดูดจับสิ่งสกปรกตกค้างและความมันส่วนเกินอย่างหมดจด มาพร้อมไมโครสครับที่สามารถแตกตัวเพื่อขจัดความมันส่วนเกินอย่างอ่อนโยน","http://www.konvy.com/static/team/2015/1228/14512950087530.jpg","skin protection"
"246","Biore Perfect Cleansing Water Oil Clear 300ml","Biore","คลีนซิ่งสูตรน้ำแร่ธรรมชาติ สำหรับผิวผสมและผิวมัน ทำความสะอาดเครื่องสำอางได้อย่างหมดจดอ่อนโยน แม้เครื่องสำอางสูตรกันน้ำ ปราศจากส่วนผสมของแอลกอฮอล์และน้ำมัน ไม่ทำให้ผิวระคายเคือง","http://www.konvy.com/static/team/2016/0929/14751310356198.jpg","skin protection"
"247","Biore UV Aqua Rich BB Essence SPF50+/PA++++ 33ml","Biore","ครีมกันแดดเนื้อบีบีบางเบา สูตรน้ำเกลี่ยง่าย เนื้อครีมสีเบจเข้ากันได้กับทุกสีผิว ช่วยปรับให้ผิวสว่างสดใสเป็นธรรมชาติ ปกป้องผิวจากรังสี UVA และ UVB ในระดับสูงสุด","http://www.konvy.com/static/team/2015/1228/14512955471003.jpg","skin protection"
"248","Biore Marshmallow Foaming Facial Wash 150ml","Biore","นวัตกรรมใหม่ของการทำความสะอาดผิวที่เหนือชั้น ด้วยวิปโฟมเนื้อละเอียดหนานุ่ม ช่วยทำความสะอาดผิวได้อย่างหมดจดอ่อนโยน เพื่อผิวสะอาดนุ่มลื่นราวกับผิวเด็ก","http://www.konvy.com/static/team/2015/1228/14512951497279.jpg","skin protection"
"249","Biore UV Mild Care Milk SPF30/PA++ 120ml","Biore","โลชั่นน้ำนมป้องกันแดด สูตรอ่อนโยน พร้อมปกป้องผิวจากรังสี UVA และ UVB สาเหตุหลักของความหมองคล้ำ","http://www.konvy.com/static/team/2016/0621/14664790233368.jpg","skin protection"
"250","แพ็คคู่ Biore Pore Detox Botanicals Beads Facial Foam (100gx2)","Biore","นำเข้าจากญี่ปุ่น ด้วยโฟมสครับสูตรผสานสารบำรุงในเม็ดบีดส์เนื้อละเอียดจากธรรมชาติ สลายสิ่งสกปรก พร้อมผลัดเซลล์ผิวเก่า เผยผิวสวยใสสุขภาพดีมีออร่า ราวปรนนิบัติผิวจากสปา","http://www.konvy.com/static/team/2016/0621/14664792614745.jpg","skin protection"
"251","แพ็คคู่ Biore Pore Detox Charcoal Cool Facial Foam (100gx2)","Biore","นำเข้าจากญี่ปุ่น ด้วยโฟมเย็นผสานพลังถ่านไม้ไผ่ญี่ปุ่น สลายสิ่งสกปรก มลภาวะ ความมันส่วนเกินและเครื่องสำอางที่สะสมฝังลึกในรูขุมขนอย่างรวดเร็ว ง่ายดาย และอ่อนโยน","http://www.konvy.com/static/team/2016/0621/14664792197244.jpg","skin protection"
"252","Biore UV Aqua Rich Whitening Essence SPF 50+/PA++++ 33ml","Biore","ครีมกันแดดเนื้อครีมไวท์เทนนิ่ง มอบการบำรุงจากสารสกัดดอกคาโมมายล์ ฟื้นบำรุงผิวให้ขาวเนียนกระจ่างใส ปกป้องผิวจากรังสี UVA และ UVB ในระดับสูงสุด","http://www.konvy.com/static/team/2015/1228/14512957561173.jpg","skin protection"
"253","Biore Pore Pack Black 10pcs","Biore","แผ่นขจัดสิวเสี้ยน ช่วยขจัดสิ่งสกปรกและสิ่งอุดตันบริเวณจมูกได้อย่างล้ำลึก พร้อมกระชับรูขุมขนให้เล็กลง ผสานถ่านไม้ไผ่ญี่ปุ่น ช่วยลดความมันสูงถึง 3 เท่า","http://www.konvy.com/static/team/2016/1013/14763412547807_280x280.jpg","skin protection"
"254","แพ็คคู่ Biore Pore Detox Onsen Effect Facial Foam (100gx2)","Biore","นำเข้าจากญี่ปุ่น ด้วยโฟมเนื้ออุ่น สลายสิ่งสกปรก มลภาวะ ความมันส่วนเกินและเครื่องสำอางที่สะสมฝังลึกในรูขุมขนอย่างรวดเร็ว ง่ายดาย และอ่อนโยน","http://www.konvy.com/static/team/2016/0621/14664791763542.jpg","skin protection"
"255","แพ็คคู่ Biore UV Aqua Rich Watery Essence SPF50+/PA++++ (15ml×2)","Biore","ครีมกันแดดสูตรน้ำในรูปแบบเอสเซนต์เนื้อบางเบาไม่เหนอะหนะ สามารถทาทับเมคอัพระหว่างวันได้โดยที่เมคอัพไม่ลบเลือน","http://www.konvy.com/static/team/2015/1228/14512954531988.jpg","skin protection"
"256","Biore UV Aqua Rich Watery Essence SPF50+/PA++++ 15ml","Biore","ขายดีอันดับ 1 ครีมกันแดดสูตรน้ำในรูปแบบเอสเซนต์เนื้อบางเบาไม่เหนอะหนะ สามารถทาทับเมคอัพระหว่างวันได้โดยที่เมคอัพไม่ลบเลือน","http://www.konvy.com/static/team/2016/0613/14657870428583.jpg","skin protection"
"257","Biore UV Aqua Rich Watery Essence SPF50+ PA++++ 50g(Japan Package)","Biore","ดดสูตรน้ำในรูปแบบเอสเซนต์เนื้อบางเบาไม่เหนอะหนะ สูตรเพิ่มพลังการปกป้องผิวจากแสงแดดได้อย่างมีประสิทธิภาพ","http://www.konvy.com/static/team/2015/1030/14462011079279.jpg","skin protection"
"258","Biore UV Aqua Rich Watery Gel SPF 50+/PA++++ 90ml","Biore","ครีมกันแดดเนื้อเจลบางเบา สูตรน้ำเกลี่ยง่าย ทาทับเมคอัพระหว่างวันได้ มอบการปกป้องผิวจากรังสี UVA และ UVB ในระดับสูงสุด","http://www.konvy.com/static/team/2015/1228/14512960651686.jpg","skin protection"
"259","Biore UV Aqua Rich Watery Essence SPF50+PA+++ 50g","Biore","กันแดดสูตรน้ำในรูปแบบเอสเซนต์เนื้อบางเบาไม่เหนอะหนะ สามารถทาทับเมคอัพระหว่างวันได้โดยที่เมคอัพไม่ลบเลือน","http://www.konvy.com/static/team/2015/1228/14512949465039.jpg","skin protection"
"260","Biore UV Anti-Pollution Body Care Serum Intensive White SPF50+/PA+++ 50ml","Biore","โลชั่นป้องกันแสงแดดและมลภาวะ สำหรับผิวกาย เนื้อเซรั่ม สูตรปรับผิวให้ดูกระจ่างใสขึ้นอย่างมีประสทิธิภาพ ด้วยเทคโนโลยีจากญี่ปุ่น พร้อมบำรุงให้ผิวดูกระจ่างใส ไม่แห้งกร้าน","http://www.konvy.com/static/team/2016/0329/14592412402411.jpg","skin protection"
"261","Biore Cleansing Milk 180ml","Biore","โลชั่นน้ำนมทำความสะอาดเครื่องสำอาง สลายเกลี้ยงแม้เมคอัพสูตรกันน้ำที่ติดทนทานมากที่สุด ปกป้องความสมดุล pH ของผิว มอบความชุ่มชื่นให้ผิวนุ่มเนียน ไม่แห้งตึงหรือระคายเคืองหลังล้างหน้า","http://www.konvy.com/static/team/2015/1228/14512952717456.jpg","skin protection"
"262","Biore UV Anti-Pollution Body Care Serum Extra Moist SPF50+/PA+++ 150ml","Biore","โลชั่นป้องกันแสงแดดและมลภาวะ สำหรับผิวกาย เนื้อเซรั่ม สูตรเพื่อผิวนุ่มชุ่มชื่นเป็นพิเศษ ด้วยเทคโนโลยีจากญี่ปุ่น พร้อมบำรุงให้ผิวดูกระจ่างใส ไม่แห้งกร้าน","http://www.konvy.com/static/team/2016/0329/14592411683645.jpg","skin protection"
"263","Biore UV Perfect Milk SPF50+/PA+++ 40ml","Biore","โลชั่นน้ำนมกันแดดสำหรับผิวหน้าและผิวกายอันดับ 1 ในญี่ปุ่น ป้องกันรังสี UVA และ UVB ได้ยาวนานแม้ผิวโดนเหงื่อหรือน้ำ เหมาะสำหรับผู้ที่กิจกรรมกลางแจ้งและกีฬาทางน้ำ","http://www.konvy.com/static/team/2015/1228/14512953804492.jpg","skin protection"
"264","Biore UV Color Control CC Milk SPF50+/Pa+++ 30ml","Biore","โลชั่นน้ำนมกันแดดสำหรับผิวหน้า ผสาน 3 คุณสมบัติ เป็นได้ทั้งรองพื้นเนื้อบางเบา ครีมกันแดด และมอยซ์เจอร์ไรเซอร์เติมความชุ่มชื่น เพื่อผิวให้กระจ่างใสเปล่งปลั่งตลอดวัน","http://www.konvy.com/static/team/2015/1228/14512958727562.jpg","skin protection"
"265","Biore UV Aqua Rich Watery Mousse SPF50+PA++++ 33ml","Biore","ครีมกันแดดเนื้อมูสที่จะเปลี่ยนเป็นน้ำเมื่อทาลงบนผิว ซึมซาบสู่ผิวได้ดี ไม่เหนียวเหนอะหนะ กระจายการปกป้องทั่วผิวหน้า ป้องกันได้ทั้ง UVA และ UVB อย่างสมบูรณ์แบบ","http://www.konvy.com/static/team/2015/1228/14512956324588.jpg","skin protection"
"266","Biore UV Perfect Face Milk SPF50/PA+++ 30ml","Biore","กันแดดสำหรับผิวหน้า สูตรน้ำนม เนื้อบางเบา ปกป้องทั้งยูวีเอ และยูวีบี ช่วยควบคุมความมัน สามารถเป็นMake Up Base เพื่อปรับสีผิวให้สว่างใสอย่างเป็นธรรมชาติ","http://www.konvy.com/static/team/2016/0621/14664791383590.jpg","skin protection"
"267","Biore Perfect Mild Cleansing Liquid 230ml","Biore","คลีนซิ่งสูตรลิขวิด แค่นวดแล้วล้าง เครื่องสำอางก็หมดจดเกลี้ยงเกลาโดยไม่ต้องง้อสำลี เนื้อเจลลี่บางเบา ไม่เหนียวเหนอะหนะ พร้อมบำรุงให้ผิวเนียนนุ่มชุ่มชื่น ไม่แห้งตึงหลังล้างหน้า","http://www.konvy.com/static/team/2016/0712/14682936788120.jpg","skin protection"
"268","Biore UV Bright Face Milk SPF50/PA+++ 30ml","Biore","กันแดดสำหรับผิวหน้า สูตรน้ำนม เนื้อบางเบา ปกป้องทั้งยูวีเอ และยูวีบีพร้อม Make Up Base ปรับสีผิวให้สว่างใส อมชมพู ช่วยปกปิดรอยดำ รอยหมองคล้ำ","http://www.konvy.com/static/team/2016/0621/14664790776717.jpg","skin protection"
"269","Biore UV Aqua Rich Watery Essence Rose SPF50+ PA++++ 50g","Biore","ครีมกันแดดกลิ่นกุหลาบ Limited Edition เนื้อเอสเซนส์ให้สัมผัสบางเบาสบายผิว ปกป้องผิวจากรังสี UV ได้เต็มประสิทธิภาพ","http://www.konvy.com/static/team/2015/1228/14512959338197.jpg","skin protection"
"270","L oreal Gentle Lip and Eye Remover for Waterproof Make-up 125ml","L'Oreal Paris","โลชั่นทำความสะอาดผิวรอบดวงตาและริมฝีปาก ขจัดคราบเครื่องสำอางและสิ่งสกปรกอย่างล้ำลึก เพื่อผิวสะอาดหมดจด ไร้สิ่งตกค้าง","http://www.konvy.com/static/team/2015/1209/14496524714628.jpg","skin protection"
"271","L oreal UV Perfect Advanced Instant White Long UVA SPF50+/PA++++ 30ml","L'Oreal Paris","ครีมกันแดดสูตรคงประสิทธิภาพการปกป้องยาวนาน 12 ชั่วโมง เนื้อครีมสีชมพูกุหลาบประกายมุก ปรับสีผิวให้ดูกระจ่างใสเปล่งประกาย","http://www.konvy.com/static/team/2016/0127/14538836185264.jpg","skin protection"
"272","L oreal UV Perfect Aqua Essence Long UVA SPF50/PA+++ 30ml","L'Oreal Paris","ครีมกันแดดสูตรคงประสิทธิภาพการปกป้องยาวนาน 12 ชั่วโมง เนื้อสัมผัสบางเบาสบายผิวดุจน้ำ ปกป้องและลดเลือนริ้วรอยอย่างเต็มประสิทธิภาพ","http://www.konvy.com/static/team/2016/0121/14533601184249.jpg","skin protection"
"273","L oreal White Perfect Night Cream 50ml","L'Oreal Paris","ครีมบำรุงผิวสูตรกลางคืน ด้วยคุณค่าการบำรุงจาก Tourmarine Gemstone อัญมณีสีชมพู ช่วยลดเลือนจุดด่างดำ เผยผิวสว่างสดใสในยามเช้า","http://www.konvy.com/static/team/2016/0127/14538835243662.jpg","skin protection"
"274","L oreal White Perfect Facial Foam 100ml","L'Oreal Paris","โฟมล้างหน้าสูตรน้ำนม ขจัดคราบเครื่องสำอางและสิ่งสกปรกอย่างหมดจดในขั้นตอนเดียว ผสานคุณค่าจากอัญมณีสีชมพู ช่วยลดความหมองคล้ำ เผยผิวเปล่งประกายสดใสเป็นธรรมชาติ","http://www.konvy.com/static/team/2016/0115/14528512049346.jpg","skin protection"
"275","L oreal Gentle Cleansing Milk 200ml","L'Oreal Paris","โลชั่นน้ำนมสำหรับเช็ดเครื่องสำอาง ช่วยทำความสะอาดผิวอย่างหมดจดเกลี้ยงเกลาและอ่อนโยน มอบสัมผัสเย็นสบาย ช่วยรักษาระดับความชุ่มชื่นภายในผิว","http://www.konvy.com/static/team/2016/0115/14528518618090.jpg","skin protection"
"276","L oreal Paris White Perfect Revitalift Anti-Wrinkle + Firming Day Cream SPF23/PA++ 50ml","L'Oreal Paris","งวัน ลดเลือนริ้วรอยและกระชับผิวใน 8 จุดสำคัญทั่วใบหน้าและลำคอ พร้อมปกป้องผิวจากแสงแดดด้วย SPF23/PA++","http://www.konvy.com/static/team/2016/0115/14528513677910.jpg","skin protection"
"277","L oreal Revitalift Magic Blur Instant Smoother Cream 50ml","L'Oreal Paris","เบลอริ้วรอยให้ผิวเนียนเรียบสดใส แลดูอ่อนเยาว์ ด้วยเทคโนโลยีล้ำสมัย Opti-Blur Technology เบลอรูขุมขนและริ้วรอยต่างๆ พร้อมฟื้นบำรุงผิวอย่างทรงประสิทธิภาพ","http://www.konvy.com/static/team/2016/0115/14528515515784.jpg","skin protection"
"278","L oreal UV Perfect Advanced Even Complexion Long UVA SPF50+/PA++++ 30ml","L'Oreal Paris","ครีมกันแดดสูตรคงประสิทธิภาพการปกป้องยาวนาน 12 ชั่วโมง เนื้อครีมน้ำนมสีพอร์ซเลนส์ ปรับสีผิวให้เรียบเนียนสม่ำเสมอ","http://www.konvy.com/static/team/2016/0121/14533599326673.jpg","skin protection"
"279","L Oreal White Perfect Clinical Derm White Essence Expert Anti-Spot Whitening 30ml","L'Oreal Paris","เอสเซนส์บำรุงผิวหน้า ช่วยให้ผิวกระจ่างใส ลดเลือนจุดด่างดำ ด้วย Derm White Technology นวัตกรรมล่าสุด ผสาน 3 ส่วนผสมทรงประสิทธิภาพ","http://www.konvy.com/static/team/2016/0607/14652911432924.jpg","skin protection"
"280","L Oreal White Perfect Clinical Day Cream SPF19/PA +++ Expert Anti-Spot Whitening 50ml","L'Oreal Paris","ครีมบำรุงผิวหน้า ช่วยให้ผิวกระจ่างใส ลดเลือนจุดด่างดำ ให้ความชุ่มชื่นและสบายผิว พร้อมกันแดดด้วยค่า SPF19/PA +++","http://www.konvy.com/static/team/2016/0607/14652908838376.jpg","skin protection"
"281","L Oreal White Perfect Clinical New Skin Essence-Lotion Original Fairness 175ml","L'Oreal Paris","โลชั่นเอสเซนส์แบบน้ำที่เข้มข้นที่สุด ช่วยให้ผิวกระจ่างใส ลดเลือนจุดด่างดำ และปรับให้ผิวเรียบเนียนอย่างอ่อนโยน","http://www.konvy.com/static/team/2016/0607/14652910602448.jpg","skin protection"
"282","L Oreal White Perfect Clinical Overnight Treatment Expert Anti-Spot Whitening 50ml","L'Oreal Paris","ครีมบำรุงผิวหน้า สูตรกลางคืน ด้วยสารสกัดเพื่อผิวกระจ่างใสถึง 3 ชนิด ช่วยลดความหมองคล้ำ ลดเลือนจุดด่างดำ และคืนผิวเนียนกระจ่างใส","http://www.konvy.com/static/team/2016/0607/14652909665385.jpg","skin protection"
"283","L oreal Paris Youth Code Youth Boosting Cream Day 50ml","L'Oreal Paris","นวัตกรรมเพื่อชุบชีวิตผิวที่อ่อนล้าและร่วงโรยจากวัยที่เพิ่มขึ้น ด้วย Pro-Gen Technology คืนความชุ่มชื่นและอ่อนเยาว์สู่ผิว ผลลัพธ์คือผิวเรียบเนียน กระจ่างใส ดูอ่อนเยาว์กว่าที่เคย","http://www.konvy.com/static/team/2015/1209/14496525414160.jpg","skin protection"
"284","Maybelline Clear Smooth All In One SPF32/PA++  #02 Nude Beige  9g","Maybeline","แป้งญาญ่า” สุดฮิต แป้งผสมรองพื้นสูตรควบคุมความมัน เนื้อแป้งเนียนละเอียด เกลี่ยง่าย มอบผิวหน้าเนียนใสเปล่งประกายยาวนานตลอดวัน","http://www.konvy.com/static/team/2016/0115/14528475465276.jpg","powder"
"285","Maybelline Dream Satin Skin Twoway Cake SPF32/PA+++ 9g #B1 Nude Beige","Maybeline","แป้งผสมรองพื้นเนื้อบางเบาดุจกำมะหยี่ แป้งเนื้อเนียนละเอียดที่เน้นปกปิดแบบฟิล์มชั้นเดียว บางกว่าแป้งทั่วไปถึง 5 เท่า","http://www.konvy.com/static/team/2016/0115/14528478921960.jpg","powder"
"286","Maybelline White Superfresh UV Whitening Long-Lasting Two Way Cake SPF34/PA+++ #03 Natural","Maybeline","แป้งผสมรองพื้นสูตรใหม่ ปฏิวัติวงการแป้ง ล้ำกว่าความขาวกระจ่างใส ล็อคผิวเนียนออร่า ปกปิดยาวนาน","http://www.konvy.com/static/team/2016/0614/14658921221713.jpg","powder"
"287","Maybelline White Superfresh UV Whitening Long-Lasting Two Way Cake SPF34/PA+++ #02 Nude Beige","Maybeline","แป้งผสมรองพื้นสูตรใหม่ ปฏิวัติวงการแป้ง ล้ำกว่าความขาวกระจ่างใส ล็อคผิวเนียนออร่า ปกปิดยาวนาน","http://www.konvy.com/static/team/2016/0614/14658920889824.jpg","powder"
"288","Maybelline Super Mineral 24 Healthy Long Lasting Sheer Veil Loose Powder 8g","Maybeline","แป้งฝุ่นอนูละเอียด ผสานอนุภาคมิเนอรัล เพอร์ไลท์ สูตรโมเลกุลเล็ก ช่วยดูดซับความมันส่วนเกินและเหงื่อระหว่างวัน ให้เมคอัพติดทนตลอดวัน ผิวดูนวลเนียน ดูมีสุขภาพดี","http://www.konvy.com/static/team/2016/0614/14658923064976.jpg","powder"
"289","Maybelline Shine Free Oil-Control Loose Powder #Medium","Maybeline","แป้งฝุ่นสูตรควบคุมความมัน อณูแป้งเล็กละเอียดและบางเบา ไม่ก่อให้เกิดการอุดตันรูขุมขน ไม่ก่อให้เกิดสิว ไม่มีส่วนผสมของแอลกอฮอล์ อันก่อให้เกิดการแพ้ ช่วยให้หน้าดูเปล่งปลั่งกระจ่างใสอย่างเป็นธรรมชาติ","http://www.konvy.com/static/team/2013/1011/13814918643620.jpg","powder"
"290","L Oreal True Match Micro-Perfecting Powder Foundation SPF 36/PA+++ 9g #N4 Nude Beige","L'Oreal","แป้งผสมรองพื้น เนื้อเบาบางเนียนละเอียด ช่วยให้ผิวเรียบเนียน ลดเลือนจุดบกพร่อง พร้อมควบคุมความมัน 8 ซม.","http://www.konvy.com/static/team/2016/0331/14593951463037.jpg","powder"
"291","L Oreal Mat Magique All-In-One Matte Transforming Powder SPF 34 PA+++ 6.5g #N1 Nude Ivory","L'Oreal","แป้งผสมรองพื้นเนื้อแมตต์ แบบ All-In-One เนื้อสัมผัสละเอียดนุ่มดุจกำมะหยี่ ที่ให้ผิวแมตต์ตลอดวัน พร้อมควบคุมความมันนาน 12 ชั่วโมง","http://www.konvy.com/static/team/2016/0315/14580089777812.jpg","powder"
